0,1,2,3,4,5,6,7,8,9,10,11,12,13,14,15,16,17,18,19,20,21,22,23,24,25,26,27,28,29,30,31,32,33,34,35,36,37,38,39,40,41,42,43,44,45,46,47,48,49,50,51,52,53,54,55,56,57,58,59,60,61,62,63,64,65,66,67,68,69,70,71,72,73,74,75,76,77,78,79,80,81,82,83,84,85,86,87,88,89,90,91,92,93,94,95,96,97,98,99,100,101,102,103,104,105,106,107,108,109,110,111,112,113,114,115,116,117,118,119,120,121,122,123,124,125,126,127,128,129,130,131,132,133,134,135,136,137,138,139,140,141,142,143,144,145,146,147,148,149,150,151,152,153,154,155,156,157,158,159,160,161,162,163,164,165,166,167,168,169,170,171,172,173,174,175,176,177,178,179,180,181,182,183,184,185,186,187,188,189,190,191,192,193,194,195,196,197,198,199,200,201,202,203,204,205,206,207,208,209,210,211,212,213,214,215,216,217,218,219,220,221,222,223,224,225,226,227,228,229,230,231,232,233,234,235,236,237,238,239,240,241,242,243,244,245,246,247,248,249,250,251,252,253
0,0,0,0,0,0,0,0,0,0,0,0,0,0,0,0,0,0,0,0,0,0,0,0,0,0,0,0,0,0,0,0,0,0,0,0,0,0,0,0,0,0,0,0,0,0,0,0,0,0,0,0,0,0,0,0,0,0,0,0,0,0,0,0,0,0,0,0,0,0,0,0,0,0,0,0,0,0,3,0,0,0,0,0,0,0,0,0,0,0,0,0,0,0,0,0,0,0,0,0,5,0,0,0,0,0,0,0,0,0,0,0,0,0,0,0,0,0,0,0,0,0,0,0,0,0,0,0,0,0,0,0,0,0,0,0,0,0,0,0,0,0,0,0,0,0,0,0,0,0,0,0,0,0,0,0,0,0,0,0,0,0,0,0,0,0,0,0,0,0,0,0,0,0,0,0,0,0,0,0,0,0,0,0,0,0,0,0,0,0,0,0,0,0,0,0,0,0,0,0,0,0,0,0,0,0,0,0,0,0,0,0,0,0,0,0,0,0,0,0,0,0,0,0,0,0,0,0,0,0,0,0,0,0,0,0,0,0,0,0,0,0,0,0,0,0,0,0,0,0,0,0,0,0
0,0,0,0,0,0,0,0,0,0,0,0,0,1,2,0,0,0,0,2,0,0,0,0,0,0,0,0,0,0,0,0,0,0,0,0,0,0,0,0,0,0,6,0,0,0,0,0,0,0,0,0,0,0,0,0,9,0,0,0,0,0,0,0,0,0,0,0,0,1,0,0,0,0,0,0,0,0,6,0,0,0,0,1,0,0,0,0,0,0,0,4,0,0,0,0,0,0,0,0,6,0,0,0,0,0,0,0,0,0,0,0,0,0,0,0,0,0,0,0,0,0,0,0,0,0,0,0,0,0,0,0,0,0,0,0,0,0,0,0,0,0,1,0,0,0,0,0,0,0,0,0,0,0,0,0,0,0,0,0,0,0,0,0,0,0,0,0,0,5,0,0,0,0,0,0,0,0,0,0,0,0,0,0,0,0,0,0,0,0,0,0,0,0,0,0,0,0,0,0,0,0,0,0,0,0,0,0,0,0,0,3,0,0,0,0,0,0,0,3,0,0,0,0,0,0,3,0,0,0,0,0,0,0,0,0,0,0,0,0,0,0,0,0,0,0,0,0,0,0,0,0,0,0
0,0,0,0,0,0,0,0,0,0,0,0,0,7,37,0,0,0,1,12,10,0,0,0,2,0,0,0,0,0,4,0,0,0,1,0,0,0,0,0,0,0,21,0,0,2,0,0,0,0,0,1,0,0,0,0,86,0,1,0,0,24,0,0,0,0,0,0,0,6,3,0,0,1,1,0,0,0,20,0,0,0,0,7,0,0,0,0,0,0,0,0,2,1,0,0,0,0,0,0,57,0,0,0,6,0,0,0,0,3,0,0,0,0,0,0,0,0,0,0,0,0,1,0,0,2,0,0,0,1,0,0,0,0,0,0,0,0,0,1,0,0,0,0,0,0,0,0,0,0,0,10,0,0,0,0,0,3,0,0,16,0,1,0,1,1,0,0,0,9,0,0,0,0,0,0,0,1,0,1,0,0,0,0,0,0,0,2,0,0,2,0,0,0,0,0,0,0,0,0,1,0,0,0,0,0,0,0,0,0,0,3,0,0,0,0,0,0,0,39,0,0,0,0,0,0,59,0,0,1,0,0,0,1,0,0,0,0,0,1,1,0,4,0,0,9,0,0,0,0,0,0,0,0
0,1,2,0,0,0,2,1,0,0,4,0,0,20,86,1,0,0,2,47,30,0,0,0,1,1,1,1,3,0,11,0,0,2,7,3,1,0,0,0,0,0,91,0,0,7,1,0,0,1,0,0,0,0,0,0,344,3,2,2,0,124,0,0,0,0,4,1,0,31,10,1,1,0,0,0,0,0,72,0,0,0,1,41,0,0,0,0,0,0,2,3,0,8,1,0,0,0,0,6,377,1,0,0,7,0,0,18,0,4,3,1,0,0,0,1,0,0,0,1,0,0,11,0,0,6,0,1,2,5,0,0,0,0,0,0,1,0,0,0,1,0,2,0,0,2,1,0,0,2,0,22,1,0,0,1,0,8,1,0,18,0,2,0,10,1,0,0,1,50,0,1,0,1,1,0,0,20,0,1,1,0,0,4,0,0,1,3,0,0,1,0,0,0,1,0,0,2,3,0,1,0,0,1,2,0,0,0,0,1,0,21,0,2,0,0,0,0,1,86,3,0,4,0,0,4,117,0,0,0,0,1,5,0,3,4,1,0,6,24,2,0,19,0,1,25,2,0,0,0,1,1,0,0
2,4,8,3,0,0,0,4,0,0,3,0,0,17,306,0,0,0,9,34,52,0,0,0,2,0,2,1,7,0,24,1,0,1,0,5,5,0,0,0,0,0,192,0,2,4,1,0,0,5,0,1,0,0,0,0,282,1,4,3,0,97,0,0,6,0,0,24,0,44,10,5,0,0,2,0,1,0,120,1,0,0,0,64,0,1,1,0,0,5,12,7,2,9,0,0,0,0,0,12,1548,3,0,0,30,1,2,80,2,0,4,2,0,0,0,7,1,0,0,1,1,0,6,0,1,7,0,1,4,3,0,0,2,0,0,0,0,1,0,2,0,0,2,0,1,2,1,0,3,1,0,56,1,0,0,0,2,16,3,0,7,0,2,0,9,1,0,1,0,54,9,0,0,8,6,1,0,37,0,0,10,1,5,0,0,1,4,48,0,0,29,0,0,0,0,0,0,0,4,0,2,0,4,0,7,0,0,0,0,4,0,21,0,2,0,0,0,0,0,157,16,0,0,0,1,9,66,3,1,3,0,1,0,4,27,5,4,0,4,74,3,0,21,0,2,65,9,0,1,1,1,0,1,0
38,4,4,0,0,1,6,5,0,0,1,0,2,4,405,0,0,0,23,7,66,0,0,0,1,4,1,2,2,0,13,2,1,0,1,1,1,0,0,0,0,0,187,0,3,2,0,1,0,30,0,0,0,0,0,0,202,0,2,3,1,176,1,0,10,0,0,13,0,123,15,4,0,1,1,0,0,0,84,0,0,2,0,64,0,0,0,0,1,1,3,16,0,9,2,0,2,0,0,10,1641,3,0,0,4,0,4,105,0,1,3,2,0,1,0,10,0,0,1,1,0,0,2,0,0,5,0,0,11,5,0,0,0,0,0,0,1,0,0,1,1,1,2,0,1,10,2,0,0,0,0,30,1,0,1,0,0,4,4,4,9,0,6,0,5,3,0,0,2,81,23,1,0,20,6,0,0,23,0,1,9,2,3,2,0,0,0,33,0,0,24,0,0,0,1,0,0,0,6,0,3,0,5,1,4,0,0,1,0,18,0,27,0,0,0,0,0,0,2,429,20,0,0,0,1,1,0,0,1,2,0,0,0,3,53,25,3,0,5,86,11,0,9,0,0,45,3,2,2,3,0,1,0,0
47,1,7,0,0,0,2,0,0,3,10,0,2,10,302,0,0,1,27,7,29,0,0,0,3,2,0,0,5,0,31,2,0,1,2,0,2,1,0,0,0,0,111,0,1,1,0,0,1,32,0,0,0,0,0,1,175,2,6,1,0,91,0,0,0,0,0,11,0,147,11,0,0,4,1,0,1,0,72,0,2,0,0,76,1,0,0,0,0,4,3,11,2,1,4,0,2,1,0,6,1257,8,0,0,9,0,7,80,0,1,3,0,0,0,0,4,8,0,2,0,1,1,3,0,0,4,0,0,9,4,0,0,1,0,0,0,3,0,1,0,0,0,0,0,1,6,0,0,0,0,0,56,0,1,0,0,0,5,2,0,7,0,1,0,9,5,0,0,1,93,77,1,0,35,7,0,0,14,0,0,2,2,4,4,1,4,0,101,0,1,35,0,0,0,0,0,1,0,7,0,4,0,1,6,6,0,0,0,0,15,8,17,0,0,0,0,0,0,0,444,31,0,2,0,3,0,3,0,0,4,0,0,0,2,15,38,6,0,1,69,4,0,1,1,1,42,6,3,1,1,0,0,2,0
99,2,10,0,0,0,3,0,0,3,4,0,0,8,268,0,0,3,30,17,16,0,0,0,4,2,2,0,5,1,6,0,1,5,0,1,3,0,0,1,0,0,143,0,2,0,0,0,0,29,0,0,0,0,0,6,657,5,0,10,0,106,0,0,1,0,0,9,0,28,14,0,0,2,0,0,0,0,125,0,0,2,0,195,0,0,1,0,3,14,2,11,1,1,7,0,1,2,0,5,1043,8,3,0,11,0,10,47,1,2,1,0,8,5,0,9,5,0,0,2,0,0,3,0,0,12,6,0,11,1,0,0,0,0,0,0,2,0,0,0,0,0,1,0,0,10,0,1,0,0,0,23,0,0,3,0,4,8,1,0,1,0,0,0,16,0,0,0,0,82,146,2,0,33,7,0,2,4,15,0,5,0,12,5,4,3,4,270,0,0,49,0,0,0,0,0,0,0,14,0,6,0,2,1,0,0,0,0,0,30,8,24,0,0,0,0,0,0,3,610,43,0,0,0,4,0,5,4,0,1,0,0,0,2,28,88,5,0,6,80,2,2,4,1,3,115,5,0,1,2,0,0,0,0
44,3,11,0,0,0,3,1,0,0,16,0,0,7,332,0,0,0,46,4,25,1,1,0,12,2,1,5,5,0,9,1,1,2,1,2,2,0,0,0,0,0,150,1,0,0,0,0,3,25,1,0,0,0,0,4,1106,5,0,9,0,80,0,0,0,1,0,3,0,32,23,1,1,0,1,0,0,0,182,0,4,5,0,41,0,1,0,0,5,9,19,14,3,5,7,0,0,5,0,4,2742,21,1,0,6,0,3,43,3,0,0,1,8,0,0,1,1,0,0,8,0,0,6,1,2,16,22,0,15,0,0,0,0,0,1,0,0,0,0,1,1,1,0,0,1,3,0,1,0,0,0,13,0,1,3,1,20,0,2,0,1,0,1,0,9,4,0,0,0,78,104,0,0,32,3,0,1,14,7,0,4,0,31,9,1,1,0,480,0,0,97,0,0,1,0,1,0,1,17,2,4,0,2,1,1,0,0,0,0,16,4,18,0,2,0,0,0,0,0,508,8,0,1,0,0,3,14,0,0,3,0,0,0,2,19,117,4,0,2,57,2,1,3,1,0,68,1,0,4,3,1,0,0,0
104,0,21,0,0,0,1,1,0,0,6,0,0,14,221,0,0,1,10,24,34,0,0,0,3,0,4,2,0,4,11,0,0,0,7,0,1,0,0,0,1,0,128,2,1,1,0,0,2,26,0,0,0,0,0,3,1279,3,0,46,0,108,0,0,1,1,0,18,0,70,25,0,0,3,3,0,0,0,191,0,0,12,0,20,3,1,0,0,14,9,52,17,5,7,5,0,1,4,0,1,2631,1,1,0,6,0,9,40,1,0,0,0,13,2,0,4,10,0,0,0,0,0,12,0,4,9,39,0,24,2,0,0,1,1,0,0,1,0,1,0,1,0,0,0,1,13,0,0,0,0,0,1,0,1,1,0,4,1,0,0,0,0,4,0,13,1,0,0,0,59,74,0,0,10,4,0,0,13,12,0,4,0,5,2,9,4,0,1115,0,0,75,0,0,0,1,0,0,0,18,0,1,0,0,0,10,0,0,0,0,7,4,20,0,5,0,0,0,0,0,933,4,0,1,0,1,2,14,0,1,0,0,0,1,2,5,102,2,0,8,28,3,3,5,0,0,67,1,0,3,1,0,0,0,0
37,0,9,0,1,0,7,4,5,0,21,0,0,3,250,0,0,1,6,23,35,0,0,0,15,4,1,6,0,1,10,0,2,0,3,0,2,0,0,0,0,0,130,0,1,0,2,0,1,14,0,0,0,1,0,4,1013,2,0,33,0,102,0,0,0,0,2,9,0,119,23,0,0,0,4,1,0,0,161,0,0,0,0,7,1,0,0,0,9,6,42,23,16,2,2,0,1,2,0,4,2782,1,2,0,11,0,3,33,1,1,2,0,12,0,0,6,1,0,0,0,0,0,18,0,1,11,23,0,22,1,0,0,1,0,0,0,2,0,1,0,3,2,0,1,0,11,0,0,1,0,0,0,0,5,0,0,3,2,0,1,0,0,15,0,16,3,0,0,0,90,28,0,0,0,2,0,0,81,5,0,0,0,0,4,1,6,1,171,0,0,216,0,0,0,3,1,0,0,16,0,1,0,1,1,4,0,0,0,0,5,0,10,0,4,1,0,0,0,2,650,4,0,1,0,2,0,8,0,0,1,0,0,0,6,6,75,1,0,9,44,0,0,4,2,0,103,1,0,2,1,0,0,0,3
9,0,12,0,0,0,2,2,3,0,38,0,3,5,277,1,0,0,3,63,52,1,0,0,13,4,1,13,3,0,4,2,0,0,4,0,1,0,0,0,0,0,117,0,1,5,2,0,0,4,0,13,0,0,0,9,773,0,0,34,0,108,0,0,0,0,0,20,0,202,14,1,0,6,4,1,1,0,131,1,3,0,1,5,0,0,0,0,7,9,75,6,13,8,3,1,0,4,1,3,2565,1,0,0,16,0,0,51,3,4,2,0,1,0,2,4,7,0,0,2,0,0,8,0,1,18,11,0,26,3,0,0,4,0,0,0,0,0,0,0,4,0,1,2,0,6,6,0,1,1,0,0,0,0,0,0,0,0,0,0,0,0,12,0,2,2,1,0,0,72,48,0,0,3,3,0,0,19,7,0,2,1,2,4,18,8,0,482,1,0,32,0,0,8,3,0,0,2,12,0,2,0,1,0,6,1,0,0,0,7,0,3,0,4,1,0,0,0,1,521,8,0,0,0,7,1,7,1,0,0,0,0,0,1,2,25,1,1,14,24,2,1,2,2,0,84,1,0,4,0,0,0,1,2
5,0,6,0,0,1,1,1,10,1,31,0,0,6,331,1,0,1,4,92,11,0,0,0,1,2,10,16,1,1,2,16,0,1,3,2,0,0,0,1,0,0,163,1,2,1,1,0,5,19,0,10,0,1,0,3,850,2,0,12,0,32,0,0,0,0,1,7,0,134,9,1,1,0,3,0,5,0,153,0,0,0,0,6,1,0,0,0,34,2,11,19,46,8,0,1,1,1,0,0,3220,13,0,1,16,0,0,66,0,1,1,4,1,3,1,11,4,0,0,0,1,0,5,0,2,8,7,0,14,7,0,0,2,0,0,1,0,0,0,0,1,0,0,8,1,9,1,0,0,0,0,0,0,0,0,0,1,1,0,0,0,0,6,0,3,0,0,0,2,97,97,2,0,4,2,0,0,12,5,0,1,1,1,6,11,3,1,68,0,0,21,2,0,1,0,0,0,0,4,0,3,2,2,0,4,0,0,0,0,3,5,1,0,12,0,0,0,0,1,383,8,0,0,0,50,5,5,0,1,0,0,4,0,3,1,73,2,0,11,27,2,1,0,0,1,60,0,0,0,0,0,1,1,0
64,0,76,0,2,1,5,9,6,0,55,1,5,62,532,1,0,0,25,606,145,0,0,0,2,5,13,14,4,6,153,23,0,4,1,10,8,0,1,0,0,1,204,0,7,20,2,0,4,23,0,4,2,0,0,3,3058,20,2,17,0,412,0,0,1,0,3,30,0,747,90,12,4,15,4,0,7,0,524,5,2,16,2,201,1,0,0,0,42,12,97,58,35,38,8,0,0,1,3,7,4625,23,2,2,94,0,14,146,2,0,4,14,13,0,6,34,15,2,0,0,5,1,121,0,7,71,58,0,82,5,0,0,7,0,0,0,19,0,1,12,3,3,12,4,1,12,9,2,1,1,0,16,2,7,1,0,0,7,36,0,11,0,33,0,37,0,0,0,3,123,260,7,0,61,24,1,0,28,2,1,9,3,15,23,21,6,14,28,4,0,70,0,1,18,1,0,0,6,30,1,12,2,6,2,3,0,0,0,0,41,2,21,0,22,1,0,0,0,2,824,38,0,0,0,204,5,408,4,1,10,0,9,0,7,19,563,24,0,7,56,31,1,17,0,19,115,11,0,14,5,0,2,3,1
12,3,68,2,0,0,6,5,4,2,44,0,4,37,1016,0,0,0,36,181,225,2,0,0,1,9,9,70,9,4,114,17,0,2,5,4,7,4,1,0,3,0,141,0,14,29,1,0,4,8,0,8,5,0,0,8,1975,1,8,29,0,225,0,0,1,0,0,26,0,258,55,5,1,10,8,0,1,0,361,2,7,35,4,171,0,4,1,0,18,6,94,16,39,34,2,0,4,0,0,6,5512,7,1,0,105,0,7,250,10,1,5,2,2,14,10,35,1,0,0,2,3,0,41,0,5,38,0,0,48,7,0,0,0,0,0,0,6,0,0,0,1,0,4,8,1,20,6,4,0,3,0,1,1,3,2,0,0,11,28,0,14,0,9,0,45,2,0,0,0,241,21,0,0,22,33,1,0,70,2,0,1,1,7,17,33,4,3,24,0,0,25,0,1,14,5,4,0,8,25,0,4,0,5,2,25,1,2,1,0,16,2,28,3,66,0,0,0,0,2,847,2,0,0,0,86,3,199,1,2,9,0,8,2,4,23,56,23,7,11,93,15,2,11,0,22,220,13,1,7,7,0,9,3,1
158,4,69,2,1,0,18,7,28,2,52,1,5,51,2568,4,0,1,33,402,447,23,0,1,3,16,16,46,1,2,230,9,0,3,11,26,9,1,1,0,0,0,519,0,20,47,0,1,4,22,0,16,0,5,1,12,3335,1,4,29,1,478,1,1,0,0,1,34,0,412,128,12,6,16,11,0,3,0,682,9,2,17,0,209,0,9,3,0,19,6,89,12,21,102,7,0,4,2,1,22,7219,10,0,0,483,2,9,516,9,3,5,7,8,7,1,52,4,0,1,0,8,0,261,3,7,42,292,7,71,11,0,0,6,0,0,0,8,0,1,6,11,4,19,12,5,60,4,3,2,1,0,7,0,6,2,4,0,22,42,1,32,0,19,1,125,9,0,0,2,373,13,5,0,30,31,0,8,129,0,0,41,4,8,46,32,31,12,48,8,0,20,0,0,7,3,1,0,5,55,2,16,1,4,10,41,0,9,0,0,16,1,16,0,107,1,0,0,1,3,1288,8,0,0,0,94,27,459,9,6,4,1,4,4,1,30,177,23,4,7,173,25,0,29,1,30,417,12,1,12,7,8,3,17,1
324,8,48,13,0,0,37,16,33,4,97,0,10,118,3258,10,0,3,103,336,626,50,1,1,4,16,32,100,10,2,550,4,0,2,17,21,11,1,4,0,0,1,428,0,30,102,0,5,14,60,0,3,1,5,1,21,3206,3,17,37,1,469,0,1,0,24,3,106,0,360,158,25,6,12,25,3,5,0,846,6,2,25,0,629,2,5,0,1,31,3,32,7,134,214,14,0,0,2,0,13,8203,15,2,2,547,2,8,1159,8,10,17,9,38,8,2,15,7,1,1,3,54,1,270,6,82,98,301,1,109,15,0,0,26,0,0,0,27,1,1,13,3,5,54,8,6,87,3,0,9,5,0,9,1,4,4,3,0,43,46,4,176,0,176,2,189,11,0,4,1,489,12,4,0,40,70,4,22,804,0,0,15,2,10,61,26,44,10,81,4,0,50,1,0,10,5,5,1,8,71,9,10,2,3,13,128,1,1,1,0,14,1,62,4,198,2,0,0,2,5,1658,25,1,0,1,32,49,5746,9,5,5,0,13,7,7,199,575,22,7,22,246,58,0,65,1,58,704,18,9,28,6,5,4,12,1
44,18,136,22,3,0,65,25,12,6,106,0,41,98,4315,11,0,1,53,471,555,58,1,8,10,25,32,105,29,4,634,0,0,5,23,71,38,1,3,0,0,0,605,0,13,78,2,2,21,22,0,8,6,9,0,23,4973,51,16,54,0,368,0,10,0,33,3,91,1,348,234,76,4,29,27,4,9,0,1436,2,6,44,4,1133,4,14,0,5,66,4,95,11,190,159,25,0,0,4,0,34,11099,14,10,0,457,4,7,1941,15,12,69,8,29,15,1,54,13,0,5,24,55,2,613,5,84,148,33,17,190,28,1,0,36,6,0,1,46,1,3,3,6,1,65,20,20,113,8,1,9,3,0,48,2,17,2,9,2,91,164,8,85,0,44,5,148,2,0,8,3,879,14,5,0,38,104,6,13,1275,1,0,35,16,9,65,44,14,15,117,3,0,97,8,1,7,20,19,0,22,67,8,206,2,5,17,140,1,7,2,2,18,0,58,9,249,0,0,0,7,10,1772,57,2,0,2,42,57,2489,14,8,5,5,21,54,9,553,296,61,9,24,474,53,2,71,3,88,772,43,14,41,3,13,12,9,9
100,38,81,27,4,0,147,48,6,13,178,1,75,80,4409,9,0,19,54,627,596,6,5,31,60,62,75,207,22,7,1105,5,4,11,19,96,96,1,6,5,1,2,709,0,64,134,6,5,32,50,0,10,15,9,2,21,8164,2,67,60,2,431,0,12,1,19,6,248,5,1361,431,67,13,25,45,3,21,0,1586,7,29,44,5,1541,5,11,1,28,93,12,88,197,64,426,94,1,7,3,1,43,13318,52,12,4,628,6,19,3439,45,41,49,8,6,33,6,48,6,1,0,19,52,1,1006,16,90,251,25,20,217,27,0,0,70,3,0,1,95,7,39,12,22,17,175,87,43,115,19,1,29,13,0,113,2,88,6,9,2,106,163,4,269,0,83,5,252,22,2,12,5,973,23,8,0,94,143,18,17,1764,7,1,54,17,17,219,20,12,31,160,6,1,114,14,2,2,20,22,2,47,105,7,25,1,5,17,207,2,2,60,3,15,2,233,15,196,8,0,0,9,24,4613,83,0,0,0,79,179,2996,17,7,29,5,29,30,26,363,155,72,19,47,496,115,1,73,6,121,786,70,13,51,6,2,10,29,21
717,22,121,27,2,1,159,27,14,11,208,1,79,77,8293,10,0,19,40,926,625,11,1,13,35,16,81,138,76,4,1164,12,1,8,27,58,50,2,1,1,4,2,586,0,32,123,12,3,42,60,4,4,54,6,5,44,7071,3,74,64,0,567,1,18,7,26,5,173,6,1032,365,34,14,30,56,4,17,1,1481,9,20,101,4,1258,37,65,0,17,105,12,103,108,54,370,156,2,6,9,5,31,11313,69,8,15,301,7,21,2448,38,25,38,30,12,46,7,29,10,1,6,73,14,1,532,9,136,171,22,71,183,25,2,2,71,13,0,1,94,7,74,12,23,9,103,21,15,126,8,2,8,15,0,331,1,46,9,9,4,104,153,5,426,3,64,4,205,16,0,2,5,873,13,7,1,89,158,4,13,1712,0,4,33,23,14,123,21,29,74,138,3,2,145,14,2,6,18,45,1,22,93,21,37,2,6,35,266,2,5,205,4,21,2,135,3,297,2,1,4,18,14,3651,331,0,0,0,55,327,2285,36,11,44,3,75,36,22,616,415,66,18,23,488,76,3,79,6,143,965,162,13,53,6,4,13,20,39
9,27,222,36,2,1,137,23,6,23,195,3,138,124,7779,6,0,37,66,1171,312,17,2,27,75,21,57,94,157,6,2330,11,1,28,16,56,56,8,4,2,11,4,630,1,30,359,23,5,44,88,3,0,39,1,2,29,5431,1,33,82,3,519,0,26,6,23,23,221,12,844,296,52,22,32,52,2,16,1,1612,4,28,103,3,1010,33,38,1,27,120,13,81,33,54,411,11,2,4,7,4,25,10310,34,7,11,443,5,14,3261,61,17,80,29,12,47,4,29,20,1,11,62,28,2,467,4,131,285,29,68,270,52,0,1,86,2,1,11,52,2,272,12,40,26,67,26,11,116,23,0,20,12,0,510,2,43,7,8,0,126,272,4,442,2,93,0,215,15,5,9,13,779,38,6,1,152,121,1,18,1361,2,6,25,52,16,160,29,27,916,149,7,7,152,6,48,5,29,49,0,28,102,27,47,1,7,40,126,3,3,3,7,24,2,75,7,332,12,0,1,10,18,2951,299,0,3,0,92,279,1600,24,8,25,1,127,88,9,572,149,72,15,43,739,98,9,34,23,101,584,89,16,74,10,1,33,12,56
32,17,273,24,7,1,83,32,17,19,136,3,147,82,6104,6,0,30,40,1473,209,7,1,19,23,19,63,90,86,6,1394,8,5,14,18,36,86,22,6,9,18,8,538,0,25,321,42,3,38,103,1,6,15,13,3,24,5711,0,12,92,1,436,0,38,3,26,9,164,3,770,201,75,15,18,52,0,18,0,1570,0,19,69,3,635,9,21,0,14,61,21,72,39,48,217,25,3,3,8,3,52,13792,21,8,9,186,16,8,2023,44,27,95,10,22,43,1,33,17,7,9,116,38,2,319,9,116,198,16,77,299,31,1,0,34,2,0,2,46,22,16,7,30,13,66,28,15,90,57,4,18,7,0,524,1,65,18,5,0,99,143,3,325,2,58,1,255,10,4,6,10,495,51,6,1,103,127,15,6,1110,22,0,46,64,13,120,23,16,42,162,8,4,99,6,6,3,35,59,0,32,105,20,51,1,2,22,153,4,8,2,0,28,1,82,16,262,5,0,0,6,9,3821,146,0,1,2,43,169,1419,14,11,13,4,90,45,9,427,144,47,9,46,901,125,3,64,7,50,531,48,5,45,0,3,36,36,34
141,97,277,33,1,3,136,94,36,22,190,3,392,268,4501,6,0,39,94,1281,175,3,0,37,35,15,122,150,181,6,3197,19,2,50,45,53,346,11,7,8,10,12,958,3,83,567,31,4,52,96,8,7,13,8,3,12,6644,86,223,126,3,1053,0,33,8,49,17,741,6,1458,393,43,27,62,48,2,8,1,2122,7,16,72,22,741,1,39,1,46,150,92,132,237,68,550,44,2,21,9,3,84,10219,135,4,21,658,2,143,6213,99,19,66,28,53,44,18,74,14,1,19,106,228,1,559,12,189,368,38,149,308,57,1,0,84,1,0,2,132,10,19,16,42,20,103,15,12,196,42,0,26,4,0,375,26,381,15,13,11,113,394,9,668,1,135,3,357,26,9,74,12,549,94,25,1,287,135,11,2,1521,11,2,114,41,27,164,52,35,66,109,6,4,102,14,10,9,20,42,2,25,166,12,80,9,17,34,192,3,4,6,2,75,3,331,15,400,32,0,1,6,16,3560,363,0,3,0,69,198,2618,22,13,53,4,88,272,45,470,221,64,14,48,1304,246,7,212,16,158,599,110,18,94,49,13,28,26,47
157,8,173,29,8,0,148,66,20,22,180,3,1005,253,5570,20,0,33,267,1097,146,8,2,63,27,12,40,126,83,5,2433,40,6,51,18,94,188,15,7,1,3,10,2334,4,50,422,17,5,41,75,0,4,11,5,4,10,10178,9,107,113,2,2199,2,31,3,44,14,255,27,2351,391,45,23,56,43,13,11,0,1648,17,30,145,3,693,2,28,0,27,83,24,143,267,77,455,22,5,19,34,1,62,9893,208,8,6,598,2,108,5369,59,22,115,35,102,54,13,119,19,0,11,52,94,2,638,4,222,314,14,362,394,51,0,1,51,18,1,9,141,7,12,57,32,54,53,19,30,152,89,5,25,11,0,470,1,23,17,19,15,73,668,10,347,2,311,2,259,31,4,453,12,481,57,27,0,327,191,24,16,1423,7,0,100,83,79,278,42,29,124,99,16,5,158,10,13,8,27,21,0,7,239,38,84,18,18,38,120,3,5,29,1,54,6,398,26,381,83,1,0,11,15,5996,281,0,17,0,124,256,2889,24,24,85,1,128,333,84,205,345,73,11,26,1752,198,4,137,8,130,551,160,12,134,65,5,29,44,50
54,6,64,24,4,1,67,55,14,10,69,0,131,135,2081,9,0,21,56,767,155,4,0,51,32,12,189,48,61,9,863,26,3,34,23,64,52,1,9,2,3,8,555,6,47,154,73,6,14,76,0,9,2,7,2,7,4636,7,54,53,1,474,0,3,3,46,9,174,2,958,161,47,11,31,40,8,12,0,1307,10,95,45,19,586,1,11,0,4,52,13,97,84,42,247,6,1,4,9,3,46,10244,60,7,5,201,3,18,2685,23,13,81,18,11,62,6,43,14,0,8,50,38,0,531,10,133,117,6,34,121,47,0,3,25,1,0,1,90,3,9,39,22,28,24,8,16,464,77,2,76,6,0,246,5,9,9,6,6,41,289,18,228,4,80,1,141,26,5,9,15,944,21,14,0,85,83,15,9,481,1,0,97,56,11,116,28,13,50,82,1,4,93,7,1,2,33,15,0,6,111,20,37,4,16,73,48,7,1,11,2,35,5,81,17,213,5,0,1,11,6,2427,101,2,17,0,41,130,1579,23,25,43,3,68,87,15,146,149,96,6,16,763,96,3,62,13,68,287,65,0,54,23,4,12,37,12
55,11,35,17,11,1,61,17,7,11,53,2,134,60,1898,3,0,24,44,1118,372,4,0,24,14,11,74,38,27,31,712,10,0,35,21,26,88,6,11,2,3,8,479,2,21,169,14,18,33,135,1,0,4,7,7,6,5239,11,54,62,1,289,22,12,3,26,25,135,0,1004,166,66,12,176,20,8,3,0,623,5,144,34,14,245,4,13,1,3,65,12,101,72,22,101,3,1,3,3,0,53,7839,32,5,4,221,9,24,2730,26,20,90,10,15,54,4,78,14,1,9,20,29,0,127,10,87,135,13,51,130,31,1,1,22,1,0,3,58,1,2,20,29,18,26,11,28,213,67,1,60,4,0,232,4,14,7,3,11,39,216,31,201,7,50,0,146,26,1,2,25,566,25,5,0,105,105,9,14,475,7,1,66,22,17,69,18,32,13,140,6,5,87,11,22,4,24,6,3,11,58,12,70,1,7,11,51,5,1,46,3,31,4,58,19,182,7,1,2,2,14,1536,115,0,8,1,29,102,1289,3,11,24,1,46,53,14,116,107,28,8,16,1217,27,3,96,13,44,237,39,7,38,12,2,29,19,8
32,6,28,17,9,1,46,10,2,0,37,1,53,85,1515,3,0,27,59,308,357,9,1,27,6,6,16,25,22,3,712,18,2,20,10,58,41,3,3,7,2,7,405,3,6,185,7,12,17,908,0,5,2,4,9,4,1395,6,40,23,1,244,25,8,1,28,26,126,0,260,121,49,11,26,12,3,4,0,563,6,7,73,4,231,3,13,0,5,8,13,103,62,23,65,2,0,4,2,0,81,6783,39,4,1,160,8,20,1420,36,15,27,33,6,41,3,38,17,0,6,11,31,5,220,6,89,81,4,20,62,18,0,1,6,0,0,2,63,1,0,9,22,10,23,8,8,101,29,1,12,2,0,128,5,10,6,4,2,30,172,17,258,2,64,0,103,20,2,4,20,529,12,10,1,74,88,5,7,228,4,3,68,25,20,39,15,28,12,171,14,1,110,4,0,7,17,10,0,7,81,16,63,1,5,38,28,2,3,0,0,34,4,56,4,188,2,2,0,0,9,1126,96,0,4,0,39,71,907,15,15,33,2,47,102,7,94,92,42,6,17,709,31,0,61,13,46,151,11,8,20,19,8,16,46,3
250,6,34,7,4,0,54,19,14,9,49,0,34,63,992,3,1,20,108,306,196,11,0,5,14,17,20,21,15,5,618,6,2,28,19,14,11,3,5,18,2,3,474,0,11,146,20,5,28,122,5,2,0,25,3,8,1291,38,28,32,6,280,14,6,5,14,12,109,0,746,125,43,8,17,16,13,26,3,453,13,3,14,45,167,17,9,1,2,7,13,95,63,18,56,254,4,4,6,2,33,5236,29,5,4,285,10,19,1301,40,114,58,33,10,113,5,32,36,0,1,18,31,0,129,4,82,70,6,3,68,28,0,1,10,1,0,1,42,1,1,11,94,16,17,9,6,286,19,4,9,8,0,2939,17,23,2,2,3,22,70,12,222,2,32,4,68,10,7,5,8,580,8,13,1,77,86,5,30,217,6,0,32,37,18,60,20,17,17,174,2,0,109,0,1,5,8,3,1,15,91,19,45,2,3,30,26,0,1,37,1,18,2,53,5,155,0,1,3,2,14,1207,68,0,40,0,23,83,922,20,13,26,2,15,59,10,75,270,48,4,3,656,33,1,59,11,20,132,27,8,28,57,19,10,9,16
96,11,52,18,13,0,73,22,3,7,24,6,48,86,1454,3,0,20,94,328,213,10,2,21,19,8,18,26,20,5,1005,20,4,49,5,40,69,2,4,7,3,12,732,0,19,176,17,19,57,40,1,5,0,5,11,8,2143,35,36,34,2,596,3,8,0,13,22,178,0,1288,172,50,9,28,20,4,5,1,739,18,5,22,17,284,3,15,1,2,8,25,125,106,38,67,8,5,7,1,1,38,11649,46,13,4,219,0,30,1707,69,48,47,37,5,161,3,42,31,0,4,9,67,0,223,6,82,118,13,6,102,19,0,2,21,0,2,8,46,1,3,39,26,20,25,5,7,84,27,3,10,5,0,857,4,13,3,2,0,54,96,8,259,2,54,3,96,17,9,15,10,671,22,7,1,86,94,19,28,527,11,1,35,48,25,126,9,10,17,234,3,3,138,2,2,3,10,1,0,15,81,21,54,3,4,31,51,3,1,42,2,21,1,155,5,82,2,0,2,2,7,2176,98,1,6,2,28,96,980,6,24,15,4,23,51,27,76,200,35,10,22,579,65,2,65,13,20,267,36,6,60,34,7,31,11,21
17,2,22,3,13,1,36,13,12,10,46,18,11,73,1362,1,0,22,95,275,206,2,2,14,15,16,5,36,14,5,363,8,7,41,13,19,38,4,7,3,3,6,448,1,6,104,7,48,37,41,0,7,0,3,3,17,2558,42,20,41,6,437,2,3,4,27,10,235,0,740,143,43,41,34,16,3,2,5,543,8,10,5,9,204,0,8,2,2,6,24,80,48,17,89,60,8,17,7,4,22,11812,27,13,7,274,1,61,874,56,26,61,45,6,187,3,30,26,0,10,5,43,1,156,4,62,129,11,2,91,19,0,0,11,2,0,4,18,13,7,7,22,26,28,11,12,75,10,0,3,8,0,651,3,8,3,1,1,18,78,16,266,0,34,0,142,20,6,5,20,218,33,7,2,84,94,10,24,161,9,7,22,54,38,67,28,6,18,1345,1,1,184,0,2,5,13,6,1,19,92,15,55,2,2,6,19,5,2,27,7,28,2,162,4,66,5,1,2,0,9,2391,105,0,4,2,31,85,886,6,19,28,6,26,18,9,48,97,22,13,13,645,25,1,87,63,19,215,27,3,33,16,7,45,6,15
31,17,39,21,8,3,23,12,9,4,27,7,9,77,1240,4,1,28,132,232,257,14,3,16,3,19,57,21,14,14,225,7,14,52,5,28,25,9,6,3,0,10,726,0,8,63,23,7,51,39,8,3,0,10,1,10,2165,52,26,30,5,604,2,23,4,13,30,250,0,1204,132,57,38,26,17,1,7,0,563,11,16,20,14,281,5,19,0,8,4,33,109,72,14,102,20,3,17,15,7,17,6065,54,13,7,174,4,43,1128,44,34,73,28,10,178,22,32,39,1,7,10,22,1,155,10,80,155,15,4,77,21,0,1,36,1,0,14,33,25,8,44,16,23,58,9,23,53,26,2,2,11,0,840,10,7,7,3,1,27,67,12,196,0,28,1,194,19,2,2,11,576,33,11,2,92,70,6,1,273,13,9,16,42,35,117,21,28,16,372,0,1,287,2,0,10,17,5,1,26,70,8,65,6,5,12,64,6,0,7,4,32,6,213,2,69,8,0,4,3,9,2400,114,0,7,3,26,94,677,13,17,35,3,33,48,18,79,129,29,11,21,553,25,2,101,23,53,246,18,6,38,13,13,39,2,38
14,19,14,2,12,4,15,3,11,7,47,14,18,55,1035,6,3,14,82,199,259,4,0,14,19,31,37,23,13,7,486,10,7,35,7,13,20,4,6,14,1,1,476,1,5,66,14,2,21,56,0,1,2,27,9,21,1416,62,19,29,4,280,0,5,3,13,19,279,0,1141,136,42,278,15,5,3,12,0,307,19,14,7,22,140,2,11,1,2,9,37,136,36,20,53,15,5,17,59,19,26,3978,33,11,2,91,17,14,893,13,50,53,47,6,93,4,14,38,1,3,5,20,1,103,23,54,126,15,34,77,12,0,0,31,3,0,1,22,7,0,13,23,6,31,10,21,51,25,10,11,9,0,887,7,10,2,9,1,21,26,14,199,0,14,6,219,4,3,1,19,548,25,4,0,47,47,3,6,121,35,4,30,35,36,118,15,20,17,541,8,1,470,0,1,12,21,1,3,31,47,17,24,7,1,2,18,13,0,1,3,26,0,47,10,51,14,1,1,2,11,2134,174,0,3,5,7,104,733,4,17,30,3,22,21,10,52,68,25,13,8,387,15,1,227,20,46,267,11,4,32,12,1,45,1,24
15,23,5,3,29,3,21,6,21,3,46,6,23,75,1139,5,1,18,159,208,253,15,0,17,52,33,35,26,11,13,196,14,13,39,13,15,25,13,13,15,16,3,556,0,4,117,17,1,32,52,2,3,0,20,14,25,1813,40,6,45,3,496,0,11,14,26,22,303,1,2223,174,68,43,41,17,9,16,1,433,15,20,8,19,112,19,14,2,35,21,28,164,24,25,74,33,8,11,29,24,82,4230,76,12,4,155,22,46,830,45,82,87,55,4,131,21,41,58,2,5,7,25,0,68,22,53,167,40,7,148,23,2,1,49,0,1,4,24,6,2,11,72,12,37,6,31,45,33,11,4,16,1,1033,16,17,8,6,0,8,104,11,145,0,15,4,258,6,9,13,34,614,44,9,5,57,54,1,35,139,64,6,23,48,42,163,69,19,12,684,13,0,415,0,1,16,17,4,0,51,82,18,63,3,4,11,17,53,3,7,8,14,3,212,8,51,19,4,2,3,12,3176,235,1,9,3,9,146,826,4,26,39,3,14,9,25,45,40,19,8,14,358,11,4,240,56,43,235,21,4,39,6,1,84,5,16
30,25,16,13,18,6,29,7,26,8,44,6,45,4212,1274,8,2,27,209,254,209,1,13,14,41,40,43,20,6,25,142,20,13,46,38,18,31,24,12,25,20,5,704,2,9,93,11,5,57,34,8,16,0,23,16,28,2231,41,8,86,0,901,0,20,15,26,27,397,1,4346,214,61,32,49,8,17,42,1,519,40,8,7,11,131,17,37,2,4,19,58,225,31,19,75,23,8,18,37,8,65,4866,93,10,6,200,25,41,947,54,162,91,96,31,63,47,23,123,2,5,14,23,3,115,18,59,225,24,10,181,47,3,0,36,4,0,10,36,0,3,10,89,15,52,5,20,65,18,14,6,10,0,1299,9,17,8,8,1,19,117,15,242,0,40,4,427,6,3,11,37,659,69,15,1,48,57,3,23,154,68,7,107,49,25,179,44,24,11,922,7,4,487,5,0,10,27,1,0,16,153,25,58,22,1,8,23,18,1,7,6,16,9,154,10,71,27,4,2,10,19,3096,460,0,15,4,96,201,625,8,21,40,0,12,56,17,53,88,23,10,16,304,15,14,230,59,48,257,27,8,68,22,1,84,7,47
26,30,11,2,37,10,36,5,48,4,39,7,27,110,1363,2,0,10,159,272,317,13,7,10,106,30,45,28,17,17,7745,10,10,57,34,14,27,21,25,13,20,10,834,1,10,106,20,2,27,53,10,12,3,31,29,34,2168,39,16,78,3,667,4,11,8,17,30,399,9,8169,217,72,19,47,19,13,30,5,558,6,16,10,8,189,16,15,5,1,24,78,227,29,22,70,29,9,15,25,1,78,5597,36,20,9,148,19,46,904,61,185,90,60,16,173,44,60,105,1,9,11,18,3,139,12,97,269,24,8,153,23,1,2,24,8,1,1,22,1,1,12,78,15,62,4,40,48,9,10,11,20,0,1645,11,23,5,5,3,27,35,18,263,1,18,23,439,24,6,26,37,573,78,24,2,29,85,2,38,194,60,1,98,51,24,152,47,55,13,688,51,2,533,6,2,7,48,1,0,19,131,16,41,14,2,21,11,11,6,140,5,15,7,123,15,45,17,4,3,15,31,3742,298,1,18,2,13,237,676,3,11,42,5,14,72,25,69,71,38,16,26,450,59,29,178,65,33,342,20,14,80,21,3,91,17,33
42,33,15,16,5,6,42,7,47,14,40,5,40,92,1458,5,3,18,252,366,350,28,8,6,108,20,46,19,12,30,115,17,17,71,24,7,24,26,11,21,19,35,1147,4,11,106,22,3,35,87,6,19,27,44,6,67,2440,20,11,85,7,697,7,24,12,19,20,615,0,5731,306,73,20,56,37,8,32,0,574,14,32,18,14,213,19,34,8,2,17,64,323,59,33,73,28,11,12,44,4,87,5781,65,50,10,125,41,75,792,98,234,69,91,13,83,18,58,106,1,19,24,18,0,142,1,52,293,31,7,191,26,0,2,55,4,1,0,42,0,1,11,124,16,38,14,28,32,14,4,6,31,0,2345,22,25,5,15,3,13,33,13,182,0,31,16,439,6,25,34,56,686,65,17,1,34,99,1,25,410,24,2,160,29,27,219,57,36,21,1255,29,6,982,29,2,12,46,6,2,10,208,19,50,14,1,23,32,16,13,427,5,14,6,267,36,97,15,5,0,24,39,4209,358,4,13,2,48,397,998,4,19,44,3,27,43,40,99,65,17,25,34,508,28,41,174,47,15,371,22,22,113,19,3,61,37,37
77,90,44,17,29,10,88,17,102,26,91,5,48,280,2409,6,4,25,192,492,539,62,16,7,145,32,65,27,13,38,186,19,11,79,88,16,29,477,47,14,22,54,1772,16,26,150,19,13,54,140,9,36,30,42,10,68,4410,45,14,143,8,1216,10,5,27,21,42,583,2,6600,479,125,20,102,37,9,68,5,807,10,32,12,23,333,29,69,5,4,19,330,445,173,42,128,68,17,26,30,7,99,7387,117,40,7,252,26,77,1046,69,232,102,69,31,156,32,105,122,5,31,46,21,4,298,7,72,414,663,7,313,84,0,9,63,5,0,3,88,1,1,91,187,16,63,53,14,61,17,14,11,19,0,3096,44,37,11,43,3,32,122,13,564,3,55,5,500,19,9,18,90,620,113,33,1,51,201,5,38,713,45,2,225,66,36,438,72,30,13,1091,20,9,768,20,2,13,81,9,3,22,362,29,118,23,1,31,65,15,17,46,5,17,18,149,31,172,44,6,3,29,44,6312,351,4,21,0,59,468,1543,11,35,85,14,49,69,55,204,99,26,62,93,923,50,61,420,110,29,619,24,43,213,34,18,61,62,17
98,65,132,31,44,25,99,33,59,31,142,9,84,585,3395,10,3,41,208,726,576,24,11,15,174,55,128,82,33,55,557,32,59,58,88,65,56,186,87,22,19,19,2436,34,53,290,45,15,240,276,8,43,27,55,25,73,6015,48,56,142,11,1733,8,50,34,36,42,515,11,4742,736,130,62,98,68,13,49,1,1480,22,43,105,39,544,45,175,10,5,45,187,625,323,72,209,85,31,17,84,8,159,10957,149,57,19,448,37,127,1709,147,283,235,178,51,253,26,124,253,5,38,55,45,13,400,7,126,678,56,23,516,109,2,9,149,27,3,1,84,4,12,81,213,43,93,60,30,134,36,30,12,56,0,3290,38,61,11,49,7,57,168,18,565,2,68,12,558,27,24,58,133,1188,162,16,10,90,210,8,82,861,124,24,350,111,34,644,56,44,26,1197,38,19,944,35,3,6,106,16,7,25,408,38,212,10,11,30,63,43,30,97,11,53,18,347,54,253,37,11,4,53,91,8564,622,2,124,3,172,711,1937,15,47,158,16,65,116,147,220,207,62,75,130,1247,80,49,386,175,34,1025,95,44,370,76,33,105,56,75
117,87,235,43,32,22,192,67,57,39,181,6,54,961,5963,34,5,52,228,705,685,157,14,11,171,74,229,126,40,86,565,67,77,47,100,81,83,99,76,33,20,28,2932,44,93,370,99,10,248,362,10,21,16,74,37,33,8953,84,59,155,18,2870,10,11,29,48,52,589,36,5139,1013,109,77,73,92,15,70,9,1807,35,65,93,30,756,35,204,7,21,63,338,408,393,115,289,124,58,18,74,19,116,10700,164,23,20,630,31,129,2067,281,301,376,119,97,350,73,214,288,10,46,78,46,26,798,13,108,769,92,27,722,139,0,1,219,22,2,11,47,4,8,126,232,57,83,70,63,193,91,26,28,74,0,3166,58,68,16,65,5,87,118,23,1248,2,162,6,666,43,33,55,177,1366,197,70,21,155,185,10,119,941,92,19,278,174,56,597,105,71,50,766,155,22,680,13,12,37,159,22,6,64,618,64,160,21,25,46,117,20,11,174,17,27,16,501,111,251,103,22,6,32,93,8885,804,8,61,5,127,1004,1982,28,66,116,23,122,187,144,235,366,115,71,197,1607,111,45,526,191,60,1316,113,41,473,91,18,77,80,76
134,62,370,43,52,21,210,63,55,58,231,8,67,1045,6848,25,0,54,287,1191,673,26,7,16,189,90,196,107,31,64,593,53,74,84,88,65,109,94,84,7,25,24,3472,49,71,483,120,10,178,340,9,25,23,29,5,38,8318,44,54,322,14,2408,8,20,29,27,69,587,20,5009,936,185,50,148,104,23,42,3,1818,39,86,93,28,852,29,107,3,14,70,254,570,344,126,434,80,51,31,51,24,174,10316,151,17,26,616,19,243,1856,298,162,290,156,44,255,25,181,189,7,26,41,87,4,910,16,101,1117,219,28,765,143,2,0,125,8,0,5,82,6,16,65,159,95,53,75,45,123,84,19,42,64,0,2527,39,37,25,41,11,76,197,11,1023,3,171,10,998,85,45,42,129,1582,101,51,14,169,229,16,96,731,91,17,373,134,73,733,98,58,67,780,18,25,781,12,8,28,101,8,3,106,535,70,232,21,31,54,87,40,5,65,9,72,15,894,87,256,43,8,9,21,71,10896,752,2,48,7,192,710,2353,17,64,151,22,79,192,176,250,149,100,53,151,1825,89,31,609,136,59,1495,171,54,460,109,8,126,68,47
133,48,434,39,46,17,295,50,59,44,330,11,103,1207,6921,21,1,48,237,1197,947,21,8,23,190,86,118,214,60,49,851,56,74,80,57,88,93,101,59,8,33,27,3699,34,49,506,79,19,248,280,9,14,16,29,14,27,9250,18,46,148,21,2709,9,65,11,29,56,887,28,2771,836,205,77,162,96,18,39,1,1863,29,91,86,19,996,28,154,3,26,76,130,488,277,180,475,60,31,29,40,8,241,12121,152,32,27,616,37,128,1946,336,145,293,168,110,160,36,273,168,3,25,55,114,3,725,21,101,950,100,74,530,135,0,6,249,7,0,8,70,4,44,278,157,131,43,62,83,217,132,33,109,67,0,1749,43,68,23,38,12,79,164,59,1079,6,196,4,1108,96,36,33,110,1537,96,40,15,112,245,17,78,711,117,16,345,166,54,764,52,72,76,517,13,22,454,15,9,32,65,12,2,120,430,72,176,20,25,70,106,14,3,7,12,49,12,504,51,289,35,6,5,16,54,10687,693,12,36,1,184,489,2886,43,59,140,31,93,155,141,209,142,127,40,116,1519,98,29,747,129,62,1596,168,39,319,77,10,93,105,30
207,183,376,48,45,13,285,96,18,83,269,12,112,1743,7782,37,3,59,327,1519,997,62,7,34,258,94,151,168,70,75,2130,45,50,70,59,103,140,63,70,21,20,43,4604,20,58,560,93,13,238,380,14,24,23,35,29,40,11870,35,60,103,18,3510,8,88,22,58,64,962,10,7759,1147,196,134,161,76,12,47,4,2530,65,76,130,22,1428,35,181,11,17,78,157,535,502,169,538,83,22,12,55,56,289,12918,324,19,41,817,12,260,3137,266,199,340,159,74,235,70,375,201,6,17,69,211,11,980,18,134,1063,118,93,716,160,1,10,368,27,1,25,89,5,82,354,125,135,60,67,154,305,152,21,73,72,0,2026,37,44,40,48,31,196,416,29,1614,12,153,12,1311,101,19,45,176,1898,115,34,12,231,336,30,82,921,69,19,337,133,129,721,44,73,109,338,65,33,452,13,29,49,70,25,6,145,554,70,257,67,53,85,99,52,9,46,7,70,7,875,49,451,42,10,6,22,52,12281,675,9,38,1,129,547,3573,40,90,155,29,138,328,208,223,359,208,70,234,1438,165,17,900,89,101,1855,240,43,435,189,8,98,81,35
279,90,443,41,69,16,269,117,17,76,432,33,163,1985,9485,30,4,93,290,1646,1110,30,11,39,197,129,207,358,54,120,1115,73,48,67,31,120,159,52,92,15,17,62,5040,16,85,697,73,8,258,428,11,17,19,49,14,23,12772,26,57,69,22,4632,7,84,17,66,68,979,5,6263,1396,249,201,181,124,17,33,4,2595,59,107,122,32,1628,21,164,9,22,117,144,447,606,309,619,107,27,41,49,15,205,14070,350,11,26,983,12,352,2324,239,167,458,120,77,123,67,455,137,5,46,47,192,5,1270,17,196,1163,158,65,952,156,0,3,217,15,0,23,84,9,103,215,119,121,58,143,120,326,157,16,79,105,0,1851,43,78,31,40,32,135,483,13,1896,9,172,8,796,119,20,32,111,2519,68,51,6,242,307,23,125,1052,40,22,217,142,92,1040,27,54,109,276,11,33,352,12,32,24,71,26,5,165,666,86,206,85,23,105,181,26,5,92,10,53,8,1282,76,416,18,4,13,21,21,10097,766,4,15,4,168,711,3701,42,84,253,22,222,550,307,200,332,205,19,322,2311,173,32,1107,84,79,2041,235,29,490,187,4,58,76,71
634,65,581,111,75,12,252,130,24,109,643,23,243,2071,9488,56,4,265,480,1944,1220,23,17,65,953,323,240,302,48,82,996,116,57,105,79,103,232,88,80,14,21,85,6429,21,88,847,154,15,288,474,21,23,21,67,6,76,12448,183,2256,121,622,4204,27,96,71,118,69,864,13,2085,1481,450,176,218,151,15,122,1,2894,69,124,106,15,1893,30,129,2,22,97,114,1404,619,279,702,72,71,147,91,17,346,20626,468,53,14,1148,82,326,2398,377,192,345,247,221,113,22,472,94,3,35,100,174,2,974,116,387,1169,124,35,945,227,5,1,263,6,1,44,197,6,91,453,208,145,62,140,218,266,169,33,100,173,0,1871,45,120,34,25,27,157,485,25,1710,4,162,18,2808,216,102,69,193,2381,146,119,12,365,498,44,155,1654,78,30,613,190,209,1119,49,69,234,368,13,56,363,14,12,112,33,53,8,332,1088,137,315,42,30,103,257,44,7,144,7,108,28,840,54,793,43,0,13,11,45,24121,884,1,15,2,459,1025,4685,84,106,437,14,332,726,230,286,406,177,49,295,3026,231,63,1134,46,170,2434,211,49,516,161,8,63,321,110
647,90,541,62,86,6,498,130,15,171,313,26,199,1873,13461,16,0,97,311,1946,1047,24,14,48,325,80,109,187,95,101,1520,88,29,89,30,495,247,40,108,5,19,115,6224,18,77,497,85,25,332,379,16,85,19,28,12,3,18461,88,81,56,19,3526,3,171,7,83,82,0,17,3562,1723,236,48,312,62,29,48,1,3338,52,32,218,45,2030,9,308,5,17,182,33,1155,523,92,1344,297,28,8,45,19,379,16389,274,0,14,1104,73,303,2935,78,109,618,123,51,127,17,431,43,5,78,114,979,4,1206,75,282,1777,102,83,1232,238,7,4,395,6,3,78,122,13,42,0,92,73,99,125,46,272,64,14,69,62,0,1961,40,26,44,36,37,163,790,11,1445,5,227,2,915,108,22,26,176,3344,36,69,6,249,528,269,93,1196,41,13,526,314,104,1455,22,61,172,405,36,35,687,22,40,49,23,40,2,83,1211,112,167,208,11,75,0,44,4,202,19,67,0,1010,101,562,40,4,28,14,28,20726,642,13,106,1,257,661,4811,70,583,250,15,282,582,241,435,313,228,115,111,1732,217,45,1298,128,102,3628,447,51,576,223,10,118,164,213
191,83,315,80,46,10,345,164,7,74,224,34,156,1401,14357,18,0,80,429,1958,1314,18,5,31,260,75,115,102,63,29,1506,69,5,75,7,309,143,24,51,5,13,46,6335,8,106,451,20,11,173,332,8,20,10,1,8,0,18660,43,27,46,33,3108,3,107,6,75,62,679,7,3423,1419,208,62,246,70,16,17,20,4000,56,21,127,16,2888,1,96,3,0,140,27,844,874,61,805,187,76,44,11,43,271,22266,408,0,26,1482,20,403,2696,72,24,473,96,137,159,18,460,16,2,29,64,223,9,864,73,212,1523,65,29,912,205,2,7,245,11,2,36,97,34,123,762,52,79,72,77,48,411,70,4,46,77,0,1108,11,13,52,14,31,441,962,8,1338,0,277,8,913,0,45,13,111,3012,10,65,0,137,244,35,58,1434,13,5,106,118,50,1069,10,38,98,289,13,54,411,14,16,51,82,35,0,65,741,52,186,14,5,86,378,13,2,91,16,105,3,1394,45,535,29,1,18,19,17,17133,1119,4,18,1,218,572,4678,57,71,250,12,328,1053,397,356,410,254,55,41,3937,222,15,834,199,98,3284,206,36,455,234,12,142,132,119
187,24,305,50,39,9,411,130,17,82,363,8,117,987,14332,14,0,36,288,1427,737,34,8,22,215,33,80,85,136,79,1050,73,8,92,13,195,143,12,56,5,14,43,5292,5,72,334,14,9,236,128,3,22,16,25,18,5,13287,84,64,38,24,3784,3,207,22,43,65,1014,15,2796,1194,112,70,218,92,7,37,2,3359,33,20,101,59,1981,7,220,1,0,186,58,505,777,55,999,138,20,38,15,5,108,15954,475,4,31,1075,59,278,2833,83,42,349,79,65,112,10,162,52,9,14,111,88,6,521,40,179,1180,138,83,877,215,0,0,222,21,2,38,129,9,0,123,24,86,89,65,22,501,44,14,49,60,0,901,21,26,60,10,20,134,404,14,778,3,211,13,514,310,37,16,84,2165,18,48,1,164,283,30,36,1121,20,8,265,143,82,934,19,43,98,264,26,34,335,6,13,33,62,24,5,19,567,61,215,17,13,84,208,25,13,66,23,88,3,1042,63,430,31,2,10,21,19,15311,640,2,89,8,144,420,4207,51,51,295,11,341,460,196,312,646,205,70,57,5103,186,15,406,48,111,3153,235,34,430,183,42,146,111,183
89,19,264,71,14,4,397,97,8,112,307,6,94,1230,9732,30,0,19,799,1546,1201,16,1,19,184,53,78,94,91,53,1093,42,8,76,7,95,139,20,14,6,22,12,4507,9,87,482,13,23,95,136,1,10,30,30,23,91,11767,30,79,33,22,3648,2,158,25,35,34,291,9,4037,964,90,18,164,66,10,24,5,2971,18,21,150,25,1752,25,113,12,63,186,47,373,530,48,1343,51,20,9,46,15,202,17399,264,65,14,1067,23,231,3333,38,48,254,61,37,185,56,136,72,10,25,110,107,7,502,27,153,868,35,101,678,203,0,3,334,7,0,26,144,15,1,149,30,99,113,56,23,354,58,15,37,50,0,698,5,18,29,10,11,95,795,22,553,1,279,14,1493,105,25,13,51,4070,31,36,0,117,231,33,26,1015,12,17,310,120,70,701,10,40,138,189,83,28,266,3,12,24,38,20,0,46,548,45,177,7,9,69,93,64,19,38,20,52,9,916,35,531,54,4,3,18,19,11874,700,6,57,4,81,288,3729,39,88,168,52,246,281,177,333,155,212,23,46,2231,271,7,298,20,130,2708,369,13,321,189,4,72,72,154
167,23,405,69,6,3,277,93,2,111,2982,3,99,873,12819,285,0,475,248,1403,831,26,4,13,81,919,1535,2034,70,30,895,70,5,78,8,163,117,4,25,8,6,57,4076,1,63,333,63,10,164,2581,1,13,39,9,10,18,9818,12,79,24,28,3055,4,70,5,21,77,961,3,3118,944,152,584,194,551,7,22,14,2832,44,784,116,15,1582,11,81,7,25,87,30,468,314,1274,651,109,11,125,14,8,59,14583,273,29,20,738,6,208,3952,1627,28,219,107,48,42,6,307,42,3,17,46,54,18,678,27,129,911,19,55,719,221,2,4,241,10,1,9,101,10,8,105,18,792,69,502,556,468,925,8,14,443,0,565,8,631,28,22,13,129,303,14,435,1,116,8,346,122,186,6,66,2069,13,43,0,142,69,18,13,931,18,24,100,87,55,778,7,40,127,133,51,26,206,9,8,22,85,14,0,785,544,33,156,7,12,103,138,189,13,68,8,71,3,558,26,393,26,1,1,8,11,11745,319,1,31,3,157,198,3406,31,39,150,10,160,324,179,264,380,185,43,1697,826,104,7,292,19,107,2455,249,19,389,107,5,84,109,84
43,7,130,53,6,6,179,66,15,47,234,0,94,520,6676,22,4,37,198,1349,651,21,7,8,150,69,165,151,77,20,778,22,27,32,40,235,97,21,14,6,0,11,3235,8,55,380,65,3,63,10,0,8,20,57,4,12,7350,15,70,74,9,3546,11,96,10,15,45,1128,2,2885,561,59,36,88,69,1,38,5,2448,19,37,65,15,1109,31,54,2,18,57,59,341,443,83,425,56,26,16,43,15,298,7031,132,3,4,496,10,202,3414,93,136,141,81,27,47,21,0,91,10,8,21,60,21,153,34,76,515,41,39,452,154,2,1,166,11,0,1,56,5,0,126,85,106,44,110,32,290,107,8,23,82,0,348,3,9,20,21,26,105,322,15,639,5,684,1,453,105,18,5,37,1767,26,34,3,92,94,17,9,567,10,17,643,61,40,439,8,34,44,92,36,25,130,8,0,18,43,7,2,46,266,13,86,12,3,73,0,69,5,939,6,30,4,466,12,208,5,0,1,12,16,7453,213,0,13,1,86,143,2112,27,15,72,8,89,184,136,158,282,121,29,105,1439,113,15,183,29,134,1474,143,12,196,125,4,63,57,117
21,0,0,6,2,1,11,48,2,1,71,0,32,26,684,10,0,22,114,583,0,6,2,6,51,20,71,52,5,9,388,19,12,32,1,0,16,4,5,2,2,1,1449,2,14,0,17,6,45,74,1,5,5,10,9,169,3678,5,0,17,3,318,2,1,1,2,20,0,0,1834,340,31,11,49,21,0,9,0,276,13,17,3,2,495,12,0,0,0,2,104,177,171,50,30,22,3,4,20,1,27,7280,74,22,3,0,2,138,1671,62,23,102,48,28,14,13,93,12,3,3,1,26,7,153,1,18,326,12,4,328,7,0,1,4,3,0,0,14,7,0,133,3,33,2,37,15,154,26,2,0,21,0,239,2,8,11,3,7,102,18,6,54,1,11,0,0,76,5,0,21,983,10,17,2,42,0,8,5,282,3,7,76,31,35,301,8,7,0,62,10,13,14,0,0,3,11,10,0,28,189,5,74,2,0,38,88,12,5,0,4,22,25,306,8,82,5,1,0,3,1,3831,35,0,11,0,32,62,0,15,13,28,4,19,0,98,50,147,84,15,36,213,108,4,0,22,37,0,7,2,105,56,6,31,44,4
45,15,257,13,9,0,312,38,9,91,91,0,57,399,7491,3,0,21,106,1278,853,5,2,4,62,15,65,52,251,20,337,17,2,22,2,122,26,12,9,5,1,6,1970,0,20,260,168,24,47,82,1,7,4,3,4,8,3495,4,12,16,7,3481,3,68,0,60,74,735,7,2463,308,44,20,30,33,0,9,2,2024,11,19,74,1,869,3,122,1,0,122,31,158,114,55,716,22,3,4,2,3,111,7566,58,40,5,461,1,110,3941,19,12,75,39,8,24,4,0,15,5,4,108,36,6,297,3,79,291,36,97,256,260,0,1,207,3,0,5,21,1,125,57,9,32,100,52,15,233,50,4,19,46,0,169,0,22,8,1,6,59,146,17,756,3,46,2,96,41,20,10,26,939,8,9,0,81,0,4,7,303,2,0,247,28,37,279,4,42,106,63,2,14,137,3,8,11,12,12,0,15,209,8,56,1,10,38,67,8,4,2,1,20,1,295,12,127,3,1,4,8,7,3573,202,0,0,0,29,61,1824,9,29,25,18,35,88,76,78,61,62,14,45,142,40,3,208,23,61,0,324,10,91,62,0,30,12,59
27,1,71,29,9,0,68,61,7,21,135,1,39,263,2547,6,0,10,128,805,555,15,1,13,31,19,105,65,59,5,327,8,9,19,4,81,19,2,7,5,34,0,790,0,45,185,29,6,23,108,3,0,1,14,2,216,3804,1,22,17,3,3194,1,36,5,24,16,46,0,1805,666,37,22,59,48,0,0,0,1718,11,20,24,0,830,9,36,1,33,25,27,92,41,29,193,20,1,7,9,0,45,9433,27,133,0,259,2,31,1964,24,10,59,34,18,14,7,0,11,2,2,24,13,11,138,1,109,257,23,45,261,70,0,1,40,2,0,1,51,0,78,50,14,14,28,48,12,145,31,2,0,29,0,118,1,26,4,3,6,49,53,7,311,0,109,0,388,38,6,5,18,1245,41,7,0,73,120,1,9,296,8,3,167,14,8,195,7,56,12,36,15,2,80,3,3,3,3,15,0,18,182,8,52,3,0,36,28,3,2,0,0,8,37,113,10,132,22,2,0,7,6,2982,130,1,4,0,27,57,1085,22,8,27,0,20,49,34,91,82,103,10,38,145,50,2,68,3,40,1764,79,7,97,28,1,9,16,17
19,15,52,11,7,2,33,52,14,9,84,1,29,242,1805,5,1,11,43,771,486,7,1,27,33,40,71,29,31,8,313,5,6,5,2,85,13,8,8,4,3,25,1035,0,22,127,19,15,94,52,3,7,3,2,0,5,2446,5,19,16,3,2791,1,14,2,14,6,65,3,1391,161,25,11,153,56,0,3,1,1507,5,13,25,4,599,3,14,0,4,17,24,61,51,29,138,5,4,7,4,1,49,5990,22,4,2,189,0,43,1651,19,19,58,23,12,10,9,0,18,5,4,6,23,2,253,0,53,145,26,8,175,19,2,12,30,1,0,0,24,0,9,44,6,17,22,25,17,124,7,3,8,19,0,106,2,15,1,6,4,64,29,6,186,0,43,3,75,27,9,0,14,927,6,2,0,62,16,5,5,232,8,2,15,27,41,142,24,9,21,26,15,8,52,3,1,10,5,5,0,9,109,5,29,3,7,29,42,2,1,8,4,21,2,136,1,136,9,1,3,1,6,2201,55,0,2,1,14,47,882,4,21,14,4,11,19,27,53,34,106,15,51,156,36,4,71,7,39,529,28,9,46,17,0,7,11,6
11,0,15,11,2,0,42,29,0,14,88,1,20,208,1822,5,8,8,51,470,509,4,0,2,20,19,72,50,20,3,243,6,4,13,3,108,22,5,3,1,3,1,625,10,16,109,3,24,21,17,1,1,2,2,4,2,1905,0,7,5,5,1252,0,48,0,11,7,66,0,1183,109,15,8,15,68,0,5,0,1125,0,10,15,0,523,0,12,1,1,21,3,38,53,16,117,8,0,0,1,0,255,5034,26,4,2,231,0,38,2900,17,9,40,17,13,33,1,243,1,6,3,6,18,0,226,0,31,158,20,4,135,49,0,5,24,0,0,1,30,0,4,23,6,8,21,19,14,67,4,1,0,22,0,86,0,10,2,0,2,60,36,6,226,1,33,0,130,0,4,3,10,893,0,6,1,70,12,1,7,263,3,0,329,20,8,87,3,19,16,21,4,7,53,6,0,5,8,4,4,12,100,1,27,5,3,42,38,1,1,8,3,15,0,169,1,59,7,0,0,3,4,1773,56,1,0,0,13,55,682,21,27,8,1,8,27,29,48,30,97,8,36,90,39,1,37,4,20,447,31,8,32,24,0,3,2,4
28,29,113,14,3,7,53,47,6,18,77,2,21,177,1959,4,1,11,45,597,2488,16,1,3,8,22,30,43,36,5,235,8,25,30,14,80,6,8,4,6,1,0,680,16,19,109,8,8,14,43,0,3,0,18,6,3,2807,1,3,31,3,599,3,111,12,19,5,84,1,1099,393,20,49,12,52,1,13,0,929,2,16,30,2,491,21,13,0,0,14,34,60,58,24,90,6,7,2,26,0,109,3799,37,9,1,178,4,34,984,26,55,44,26,5,2,4,0,82,2,0,5,11,1,203,0,22,142,18,29,101,33,1,2,40,1,0,1,45,1,3,15,39,10,26,14,8,86,14,3,0,15,0,104,1,12,2,3,0,65,39,3,244,0,38,1,23,29,4,5,10,862,47,8,4,52,0,10,4,303,16,5,190,2,10,52,16,9,50,27,2,4,52,0,0,3,3,0,0,10,99,1,18,4,4,33,0,5,1,22,1,13,9,205,1,95,10,2,0,1,19,1315,33,1,4,0,12,38,650,6,9,15,4,26,13,42,26,79,94,9,37,100,40,13,66,1,23,497,32,7,49,28,2,2,3,7
9,0,49,24,3,3,22,42,2,7,114,1,7,192,2407,3,0,6,49,317,288,3,0,4,0,23,34,46,37,8,323,3,0,11,11,37,13,1,6,0,4,2,743,5,25,78,5,8,18,81,0,4,3,2,3,6,1554,5,0,5,1,492,4,88,2,2,6,64,0,1103,158,44,7,27,50,1,0,0,589,1,10,6,3,387,1,8,1,1,6,9,43,34,40,135,11,5,2,2,1,53,5553,29,5,2,165,10,13,526,25,14,29,19,5,6,3,0,5,0,0,18,23,4,146,2,23,141,1,83,107,15,0,1,18,1,1,1,39,15,26,12,12,17,18,17,12,73,15,0,0,15,0,73,5,8,1,4,1,96,28,7,173,0,26,0,91,23,1,0,12,679,3,1,0,38,39,2,4,380,4,2,0,19,6,89,21,19,18,30,10,1,75,3,3,1,4,1,0,8,110,6,26,2,3,19,83,3,0,15,0,19,0,119,4,45,5,0,0,4,7,1185,39,1,0,0,4,36,761,4,18,15,0,25,21,27,85,106,55,3,50,141,30,2,32,8,12,452,16,9,46,12,2,10,4,4
35,72,83,11,1,17,53,23,17,6,86,0,26,156,3075,8,0,8,26,529,274,7,12,8,0,15,44,28,33,1,363,13,69,13,37,81,12,56,0,30,11,0,730,26,35,123,1,3,19,32,0,1,1,78,0,17,1800,1,2,76,3,607,11,73,16,5,4,115,1,1133,88,20,10,7,36,1,42,0,967,3,13,20,2,486,70,15,4,0,6,204,59,36,10,119,4,22,1,27,3,147,3410,30,3,1,282,2,21,878,11,272,11,9,8,20,2,0,269,1,3,12,25,0,104,2,27,68,6,7,52,23,0,2,17,0,0,0,25,32,4,15,165,19,20,7,10,57,13,16,8,9,0,77,0,11,3,6,0,157,14,0,183,0,46,1,98,21,1,1,4,682,84,1,8,18,0,7,2,336,31,13,61,11,4,50,21,7,38,36,3,2,66,0,2,3,6,3,0,8,66,4,18,3,6,24,0,1,0,29,2,27,8,123,2,58,2,0,0,2,16,1563,39,0,0,0,6,32,710,5,12,14,0,12,0,14,102,58,51,3,46,0,34,33,28,1,21,557,38,7,22,15,1,2,0,3
16,1,99,7,1,7,39,36,3,15,113,0,26,173,2570,6,0,7,10,339,372,3,7,6,10,20,59,36,26,3,398,5,20,12,10,97,12,17,3,14,5,2,727,6,17,118,1,0,6,41,0,2,0,35,2,10,1592,6,16,37,1,624,5,139,5,8,4,110,0,973,116,9,11,29,58,0,16,1,1017,3,13,26,6,411,21,9,3,2,9,63,36,49,35,179,4,7,5,22,1,80,3820,31,3,0,344,3,40,936,19,97,18,8,15,20,5,0,87,0,1,37,18,0,104,0,32,74,16,117,89,36,1,1,24,2,0,0,12,0,2,13,58,11,26,15,6,72,18,12,0,14,0,54,2,9,1,7,0,101,24,1,181,0,23,0,114,10,2,1,1,689,49,3,8,30,0,9,2,395,18,5,101,5,4,60,6,22,44,44,2,0,48,0,0,5,7,4,2,6,64,0,9,4,5,26,0,1,1,5,4,18,3,172,1,41,8,0,0,0,8,1519,41,0,4,0,3,120,870,8,17,5,1,12,26,52,107,67,44,11,47,132,35,10,31,3,13,514,47,6,16,17,2,3,1,3
54,0,99,10,0,1,39,20,1,19,129,0,7,211,3277,7,0,9,46,422,254,2,11,3,14,16,84,61,32,6,533,8,0,23,6,87,17,6,0,0,3,0,799,0,16,136,1,0,10,69,0,4,1,3,1,6,1761,4,4,12,2,586,1,67,3,8,4,107,0,1138,100,17,59,14,35,8,2,0,768,6,20,24,4,454,1,7,0,3,18,1,53,47,21,178,9,1,9,4,1,42,3485,30,7,2,319,25,43,825,25,9,23,13,9,24,6,0,8,0,1,11,21,1,235,2,31,70,18,61,91,37,0,2,26,2,0,3,38,0,0,10,11,16,21,24,9,92,20,0,3,12,0,57,0,11,5,2,5,93,16,1,233,0,48,0,115,12,1,0,4,707,7,4,2,47,86,8,0,362,12,1,87,9,9,54,2,78,56,52,2,5,48,2,1,6,12,6,0,22,68,1,20,1,4,24,64,2,5,32,2,15,0,156,13,57,6,0,0,0,4,1295,63,0,1,0,11,30,684,9,11,10,1,13,13,32,106,55,82,12,33,0,42,1,31,3,15,537,63,5,26,13,1,10,2,1
38,4,0,10,5,0,30,17,0,14,137,2,11,142,2787,8,0,4,20,371,242,8,0,6,12,21,50,54,18,7,387,12,1,9,1,36,10,0,3,0,5,10,764,1,6,216,29,4,43,56,0,3,0,0,1,3,1779,2,27,8,3,547,6,93,21,13,5,149,0,979,209,32,4,20,31,0,2,1,591,3,26,11,1,421,1,14,0,6,14,11,34,60,66,161,10,0,0,3,1,47,3551,30,2,3,334,0,28,749,21,10,45,23,17,21,11,421,8,3,7,15,16,2,132,2,42,141,10,30,159,40,1,2,43,5,0,4,18,1,3,13,10,17,10,12,7,132,26,2,1,8,1,112,0,15,3,2,3,121,10,6,223,0,37,1,61,26,2,3,17,857,4,5,7,41,33,7,4,330,15,0,56,16,8,140,6,8,0,62,7,7,116,4,0,8,13,10,0,20,103,13,29,2,0,30,0,1,0,10,8,7,1,126,4,28,9,0,0,2,8,1296,103,6,1,0,15,25,653,14,9,7,1,6,19,44,128,70,71,7,44,362,44,0,41,8,349,525,21,1,51,27,0,10,1,3
77,0,51,2,3,1,26,22,2,19,76,0,16,151,1635,1,0,5,40,251,200,2,0,4,19,14,20,48,25,2,269,8,6,10,4,43,33,3,1,0,5,0,525,2,9,166,0,4,19,44,0,1,1,1,1,10,1470,0,1,8,1,542,1,91,0,8,9,89,0,503,88,10,5,5,18,1,7,0,724,8,25,12,6,392,0,11,0,4,12,14,30,59,34,184,5,0,2,4,6,71,2164,36,3,0,240,0,55,628,15,7,27,20,9,8,5,61,11,2,3,15,8,0,89,0,25,65,4,44,112,51,0,0,49,1,0,4,16,0,4,10,15,8,13,16,8,91,14,0,3,9,0,121,0,11,1,3,3,105,12,2,154,0,53,3,102,9,1,2,2,519,268,5,0,14,12,3,5,249,15,0,85,4,10,98,5,10,64,77,2,4,74,1,0,4,56,9,0,13,67,25,12,4,5,23,47,1,1,1,1,4,3,103,3,10,8,1,0,1,8,1180,60,0,0,0,17,38,476,5,11,22,2,4,5,46,147,62,21,5,29,0,19,1,48,5,26,449,35,3,22,13,1,3,2,2
55,9,52,2,4,25,14,11,0,17,61,0,14,120,1496,2,0,7,42,294,154,4,0,6,14,13,14,34,38,4,196,7,0,8,8,46,23,2,3,2,1,0,436,6,12,164,0,7,41,22,0,2,2,0,1,13,1140,1,4,8,0,482,1,34,15,7,4,92,2,565,94,12,9,9,8,1,4,1,521,2,23,50,4,363,4,14,0,5,6,4,14,34,19,200,10,8,5,0,2,94,2082,30,11,0,129,1,32,663,10,4,21,16,188,16,2,45,5,0,1,18,9,1,52,0,18,54,9,61,83,27,1,0,46,1,0,2,3,0,0,12,4,8,10,7,4,82,9,12,6,13,0,115,2,4,2,0,4,82,4,1,118,0,44,0,108,6,1,0,5,515,16,5,0,19,32,2,2,225,10,11,98,9,8,85,8,11,49,45,0,1,56,3,1,2,70,2,1,16,66,0,159,1,4,21,37,2,2,5,4,8,7,82,2,40,17,0,0,0,21,1136,50,0,1,0,8,19,446,7,1,19,2,7,0,13,123,58,51,4,27,0,52,14,72,1,14,408,38,0,32,3,1,2,4,5
21,7,16,3,2,1,40,19,5,15,63,1,12,0,1047,7,0,7,32,176,99,2,0,13,4,14,22,35,38,5,187,3,5,10,3,37,29,12,1,12,0,1,397,0,3,116,6,81,15,41,0,1,0,1,0,8,967,0,3,11,2,329,1,24,1,1,3,51,2,526,104,15,9,23,11,3,28,0,366,3,20,26,0,335,3,13,0,3,10,8,26,71,18,135,14,17,4,13,1,54,1567,17,11,0,135,1,27,510,8,16,15,12,15,4,2,47,18,0,2,13,12,0,33,0,18,247,9,48,72,11,0,0,18,2,0,1,5,3,8,11,19,5,16,8,4,47,12,3,0,15,0,107,0,14,1,0,6,47,9,4,100,0,42,0,73,16,2,0,13,439,17,3,1,27,18,4,4,192,9,12,41,5,8,79,15,14,34,52,1,7,68,1,1,2,37,3,0,11,49,4,14,0,1,23,0,1,1,5,0,7,2,55,1,23,5,0,0,1,31,854,26,0,0,0,8,23,263,15,0,9,2,3,0,36,119,146,35,5,27,0,24,23,0,7,25,232,37,0,16,22,0,12,2,7
14,2,0,6,2,1,20,12,11,2,53,0,16,52,1234,9,0,4,23,115,739,1,0,11,11,7,15,30,32,5,208,0,9,23,14,41,21,3,1,3,0,1,244,0,7,72,2,8,6,22,0,2,1,6,1,4,842,1,1,25,1,353,0,49,0,20,2,35,0,202,68,2,7,1,8,1,2,1,331,3,17,32,8,231,8,12,0,14,3,23,14,59,15,93,8,1,4,5,0,18,2010,20,5,1,98,0,21,471,14,31,11,28,15,14,4,23,25,1,1,10,0,0,30,5,10,60,28,60,53,12,0,0,19,14,0,0,6,2,3,35,28,4,10,4,6,68,8,0,0,1,0,66,3,7,1,2,12,25,0,5,140,1,6,0,51,2,0,1,5,363,4,6,1,18,27,0,2,150,11,0,70,1,11,65,0,1,0,25,0,3,37,0,1,1,4,8,0,17,37,1,32,0,0,12,33,5,6,4,0,12,1,63,2,19,1,0,1,1,2,694,23,0,2,0,7,10,198,14,0,7,0,10,61,22,92,52,22,7,28,395,26,2,47,9,23,193,32,0,36,12,1,1,9,4
23,3,56,5,1,1,14,12,3,1,21,0,4,0,1287,11,0,2,38,161,96,2,0,4,31,6,15,6,27,4,134,6,12,10,12,44,9,3,1,3,0,1,0,2,0,107,0,0,3,29,1,5,13,12,0,4,546,2,4,16,0,233,2,38,0,0,1,25,1,163,63,8,1,3,7,1,3,0,268,3,3,24,5,163,14,8,0,2,3,26,12,32,19,120,12,8,0,10,0,37,1446,12,9,11,59,0,14,312,7,53,12,18,4,5,0,0,60,3,1,3,19,1,22,0,18,47,16,30,69,9,0,0,17,4,0,1,9,0,0,19,33,5,3,6,3,18,5,0,0,4,0,52,1,4,2,4,7,13,593,4,96,0,16,0,43,0,0,3,2,267,3,5,0,17,18,8,1,137,4,2,22,4,2,43,3,5,23,15,0,1,26,0,0,2,30,3,1,15,47,1,9,0,2,12,0,1,0,2,0,10,0,68,0,25,1,0,0,1,12,481,31,0,6,0,13,7,188,8,58,10,0,4,7,14,0,13,9,2,22,0,16,2,16,3,45,393,25,1,18,9,2,1,3,2
28,0,11,5,0,0,36,10,5,24,39,1,9,2223,482,2,0,2,18,206,116,5,0,10,14,11,28,11,36,3,235,1,24,5,20,26,12,5,3,3,1,3,712,0,7,116,1,2,5,10,0,1,2,28,3,3,746,1,50,37,0,200,0,87,5,3,5,31,0,126,70,5,8,5,3,1,6,0,386,1,3,32,3,193,13,22,1,5,13,69,14,22,14,213,1,1,0,6,1,27,1569,8,3,0,70,1,21,441,13,77,10,11,5,11,1,70,91,0,0,15,9,1,21,2,28,45,20,75,56,9,0,0,20,6,0,0,9,0,0,22,63,5,7,4,2,34,6,1,0,7,0,42,1,8,3,2,0,10,138,2,48,0,27,2,40,0,1,0,6,412,5,1,1,5,14,0,1,180,5,1,36,10,8,45,10,7,14,17,1,1,40,1,0,2,31,2,0,12,49,4,19,0,5,14,53,1,0,7,0,4,0,68,0,31,0,0,0,5,4,595,28,0,1,0,2,4,194,1,2,9,1,4,17,20,99,37,17,4,39,2591,19,2,16,1,20,123,65,5,26,10,1,1,3,2
18,0,17,4,0,0,15,9,16,8,37,1,23,55,880,5,0,1,179,124,81,0,1,9,27,9,25,23,17,4,277,14,20,29,26,24,14,11,3,9,1,0,267,0,10,85,4,4,7,24,0,0,3,46,0,0,796,0,2,46,8,226,0,44,0,1,1,30,0,97,92,10,4,7,9,0,3,0,267,17,6,10,1,174,31,6,0,0,5,98,0,29,16,108,10,1,2,9,1,64,575,89,0,0,46,2,19,298,8,128,11,32,23,6,2,47,189,0,0,1,10,1,17,0,18,51,13,8,90,7,0,0,21,2,0,0,7,0,5,15,47,6,7,7,1,50,8,0,0,6,0,49,0,1,11,1,0,21,21,0,76,0,12,0,28,20,0,0,4,226,7,19,0,88,18,1,0,139,11,0,21,8,33,69,15,16,10,10,1,1,19,2,0,11,81,2,0,15,59,4,73,0,2,35,11,0,0,6,0,33,0,57,0,22,2,0,1,0,0,615,22,0,0,0,56,7,240,23,0,56,0,3,15,21,50,66,32,2,25,84,18,3,26,3,12,0,13,5,40,14,0,5,6,5
18,3,8,12,0,3,8,5,1,4,52,0,19,50,857,5,0,0,267,104,84,0,2,6,6,14,36,26,5,1,252,44,5,100,0,27,8,2,1,4,0,2,278,1,8,130,0,0,0,20,0,0,0,16,1,0,677,2,2,0,19,186,0,90,4,5,1,37,0,124,48,10,1,4,13,0,2,0,218,58,6,10,1,119,13,1,0,0,1,10,0,34,22,89,11,0,8,4,2,21,459,310,2,0,73,0,24,502,14,4,10,112,123,3,0,27,7,0,0,1,8,0,519,1,17,38,11,48,37,6,0,0,2,0,0,1,9,0,0,9,3,6,4,11,2,40,2,0,0,5,0,22,2,3,47,9,0,17,16,0,0,1,16,1,16,7,0,0,4,169,4,36,1,318,17,0,1,140,2,1,26,10,136,79,8,6,5,19,2,1,64,1,1,40,114,1,0,11,35,3,260,1,0,47,19,3,0,1,0,100,0,53,2,18,0,0,0,0,0,786,24,0,0,0,209,5,227,35,2,149,0,20,14,12,22,6,20,3,48,0,15,0,23,0,27,134,9,3,33,6,0,5,7,5
18,0,0,12,1,1,5,14,1,10,49,0,6,71,1070,3,0,2,179,170,99,0,0,3,9,8,35,13,12,0,222,6,6,87,2,30,9,3,3,1,0,1,335,1,11,125,4,26,6,8,0,4,1,1,0,1,895,0,11,7,1,220,2,74,0,0,3,61,0,137,29,17,1,12,6,0,1,0,168,2,6,36,6,236,0,7,0,3,9,11,0,49,9,143,5,1,10,3,0,60,455,141,3,5,108,0,21,535,2,12,39,214,134,10,1,24,17,0,3,6,8,1,94,0,18,77,18,57,54,21,0,0,22,1,0,0,5,1,4,15,9,6,6,8,1,58,3,0,0,8,0,50,1,10,13,1,0,17,13,3,0,0,39,0,35,2,0,0,7,234,3,15,0,190,12,3,2,109,3,0,44,14,50,123,4,0,0,27,0,8,42,1,1,52,70,0,0,11,28,0,57,1,0,12,27,0,0,5,0,173,0,67,3,10,2,1,0,0,1,570,33,0,0,0,218,19,271,11,1,20,1,26,0,34,25,35,27,2,13,221,19,1,42,0,60,125,32,1,42,18,0,5,4,10
15,18,55,15,2,1,19,9,1,12,68,1,23,102,1164,4,0,6,71,220,81,0,3,1,16,9,24,16,11,1,360,1,1,28,0,52,23,2,2,1,0,9,404,0,11,172,3,1,3,32,0,10,1,1,0,1,1031,2,20,2,3,304,5,60,0,3,8,89,1,177,30,18,2,5,9,0,0,0,227,1,9,20,0,343,0,9,0,1,2,2,0,58,14,138,0,0,8,0,0,35,2087,26,6,1,105,5,28,433,9,13,40,9,20,6,0,37,7,0,4,7,7,0,75,1,21,41,31,74,54,17,0,0,25,0,0,0,13,1,4,1,1,22,8,8,10,51,1,1,0,14,0,107,1,6,9,0,3,16,33,4,268,0,22,0,69,13,1,1,3,295,6,15,0,3,17,2,3,181,0,0,25,14,13,78,1,2,35,48,0,7,40,0,0,6,89,1,0,21,81,2,24,1,6,10,23,3,1,5,0,3,1,94,2,20,3,1,0,1,1,553,23,0,1,0,7,36,357,3,2,18,4,64,0,47,52,65,24,2,30,158,13,2,53,0,48,202,31,2,61,16,0,2,7,2
29,0,30,52,3,2,61,27,2,17,110,1,24,304,1985,7,0,19,82,541,133,0,4,9,37,8,65,50,14,5,446,7,1,32,2,70,26,3,7,0,0,10,595,0,16,265,3,3,13,46,0,1,12,2,0,1,1544,4,4,4,4,520,4,99,0,7,5,137,0,323,147,18,2,16,25,0,3,0,512,5,7,40,1,465,0,31,1,5,11,10,175,93,18,221,23,3,9,2,0,89,1642,33,2,2,271,0,34,771,17,12,99,114,8,7,1,72,6,0,4,12,19,0,160,1,37,115,6,105,118,43,0,0,41,3,0,3,27,2,17,36,13,32,19,8,9,36,45,0,0,20,1,188,0,7,12,3,2,23,46,4,0,0,31,3,43,10,1,2,12,528,15,13,0,15,28,6,10,370,1,1,73,16,18,196,3,4,26,110,2,13,130,1,0,2,19,3,1,27,172,0,75,3,1,21,36,4,5,5,3,4,3,160,4,34,0,0,0,0,3,1489,65,0,0,0,13,79,721,18,15,21,3,64,60,56,78,23,38,3,36,422,23,0,107,1,89,842,61,4,96,55,0,8,10,15
8,8,110,37,3,5,147,26,6,19,134,1,45,951,2544,11,1,13,96,496,230,14,2,17,107,20,88,58,46,1,596,16,11,86,11,130,58,7,8,3,3,11,712,0,27,286,15,2,23,202,1,13,9,7,0,5,2709,6,4,18,3,858,1,146,5,43,3,246,0,360,103,26,9,19,38,4,6,0,748,1,31,67,6,762,1,61,0,10,39,31,171,168,38,340,21,1,15,7,0,166,4585,94,8,0,399,2,63,1283,32,63,61,32,19,23,0,79,33,2,8,13,55,0,461,0,81,105,6,113,129,95,0,0,84,5,0,5,58,0,8,78,22,42,30,18,15,92,35,1,26,23,0,389,1,15,8,3,3,27,173,5,459,1,228,0,116,38,1,4,13,929,34,31,1,34,60,7,11,596,12,1,173,19,24,176,0,7,107,227,3,19,183,3,5,11,19,14,1,32,152,4,166,1,3,38,128,5,4,11,0,9,0,248,11,97,2,2,0,7,13,3406,158,5,4,0,23,215,1205,20,32,48,4,108,65,84,136,37,43,8,47,376,29,2,155,1,79,914,107,3,82,46,2,10,8,16
51,28,175,42,6,5,149,51,2,48,303,3,63,663,5883,16,1,47,198,1002,297,5,7,19,128,29,166,155,40,28,766,42,6,111,10,70,90,5,16,1,4,18,1777,5,47,556,18,7,64,157,2,11,3,15,1,3,4683,3,40,29,8,918,3,82,3,65,16,381,3,601,400,90,15,68,72,5,14,7,1606,15,33,74,11,1575,3,38,0,16,36,20,166,290,220,414,47,1,16,4,5,204,11728,133,5,1,753,3,198,2346,61,39,142,68,37,21,1,161,56,4,13,31,79,2,522,4,180,330,24,54,320,98,3,2,93,11,0,3,146,0,8,54,23,79,26,33,37,195,61,2,37,69,0,688,2,26,19,11,1,45,93,2,0,1,122,7,0,49,5,9,26,1927,34,46,4,91,115,12,13,1401,13,4,120,47,59,375,9,2,141,303,1,34,350,4,6,28,48,48,1,28,276,21,153,156,16,59,74,12,8,19,4,32,2,1048,21,124,9,3,1,2,7,3799,231,1,4,0,67,479,2308,22,66,114,5,239,66,170,218,145,123,15,61,0,79,3,231,9,53,1716,124,13,122,105,1,24,7,35
32,17,344,103,12,3,189,57,3,51,368,2,158,1019,10488,26,0,59,247,1719,357,6,2,24,184,40,196,232,92,37,8803,47,10,123,12,482,78,6,18,2,9,23,2480,3,56,750,44,10,80,222,2,20,7,12,2,8,6036,10,29,30,14,1129,2,150,3,33,51,600,2,771,614,176,33,74,100,9,30,2,2407,29,41,40,21,2257,12,45,1,20,56,20,276,345,98,652,69,1,39,4,3,252,11741,187,13,0,1172,3,168,2126,81,59,308,99,41,82,4,250,44,2,16,55,127,0,971,4,206,459,31,111,469,126,1,3,99,14,0,2,184,1,5,162,40,110,46,69,48,322,38,5,0,74,0,1013,3,38,24,21,2,121,171,10,1524,0,172,14,696,108,16,23,40,2377,39,28,0,129,204,20,35,2117,13,2,362,81,80,422,8,17,192,435,2,22,412,13,15,33,117,45,1,38,498,24,168,11,18,109,124,13,9,37,10,49,5,744,35,164,4,2,5,12,12,4996,360,0,12,1,99,581,2928,47,75,125,11,168,213,140,345,243,126,39,106,0,132,2,310,10,141,2507,195,12,199,116,0,30,8,30
103,55,420,138,16,5,180,90,10,81,449,2,189,1149,10098,38,1,88,363,1667,424,8,5,35,169,74,230,182,114,32,1868,75,13,186,14,169,241,3,11,6,16,31,2560,2,73,562,39,60,137,155,1,13,20,20,0,22,7340,19,6,20,21,2669,6,113,3,63,27,700,2,806,611,144,30,56,63,14,19,4,2124,50,77,145,43,2278,9,81,4,0,68,21,150,497,87,764,90,6,32,8,9,227,15150,356,21,4,1294,5,242,2669,117,62,128,143,48,116,3,298,59,6,24,70,123,0,866,21,336,522,36,107,528,96,1,1,152,10,0,6,166,1,8,0,45,71,61,66,60,373,68,0,65,99,2,1159,11,50,37,16,7,113,192,20,973,5,173,4,0,129,19,19,45,2751,42,60,19,160,244,25,38,2298,10,1,320,118,112,532,14,25,195,513,6,37,569,17,11,39,160,68,0,31,382,31,200,20,31,105,298,13,8,80,7,72,6,966,30,188,8,9,1,34,13,5829,449,1,40,2,91,472,2693,58,97,241,5,216,285,187,424,238,175,12,103,3136,128,9,402,15,169,2414,256,16,214,160,58,42,41,60
97,70,478,129,28,4,314,121,4,89,467,1,235,1243,7994,34,0,42,489,2188,577,16,3,38,186,65,270,252,202,43,9289,70,12,241,11,472,255,3,23,9,25,21,3315,6,79,888,42,31,111,312,4,28,12,14,1,17,8729,22,1,40,23,2346,3,177,11,116,96,900,5,1050,862,165,54,63,75,11,26,6,2874,46,75,90,66,2318,15,86,13,14,57,88,403,721,155,781,111,2,29,24,5,158,19188,399,7,6,1199,4,313,2122,115,69,288,124,127,79,3,421,80,5,9,89,139,0,1080,57,382,563,129,199,654,148,2,2,151,14,0,8,231,3,11,0,54,106,91,91,77,410,52,1,0,104,0,1215,21,49,40,9,5,225,210,27,1276,5,168,14,707,148,22,11,83,3352,47,62,0,207,286,25,63,3334,7,0,779,167,104,582,22,59,260,545,12,48,586,25,21,31,143,47,2,72,450,46,280,24,15,132,190,18,12,91,12,99,10,830,40,192,15,15,0,29,9,7947,479,1,20,0,92,503,3955,91,103,204,11,284,324,388,398,245,227,57,120,874,160,22,556,14,191,2877,244,20,275,239,49,42,46,66
445,33,838,105,40,3,226,83,13,42,385,5,280,1406,10146,46,0,88,406,1822,535,7,5,22,319,62,209,257,185,25,1551,78,15,231,17,217,397,5,34,11,37,11,3171,2,57,512,21,24,57,159,0,44,34,23,0,15,8816,58,515,33,19,2366,6,66,8,69,59,957,7,923,746,108,56,100,71,16,15,0,2299,37,82,31,51,2268,14,77,11,21,44,94,399,847,106,593,274,0,42,9,8,866,18995,394,15,11,1184,3,392,2033,120,98,217,153,90,94,3,387,70,11,15,71,146,0,1215,37,357,450,17,85,526,143,5,1,126,2,0,13,183,0,16,638,52,137,50,45,78,365,73,2,193,108,2,1608,16,55,45,20,4,148,127,30,1482,1,209,19,987,123,13,60,69,3681,76,43,0,213,352,31,110,2874,24,4,699,159,108,513,25,45,360,603,6,50,628,7,17,40,105,79,2,72,322,32,269,28,47,164,160,15,15,63,5,99,8,1508,11,236,16,2,1,18,15,5908,587,1,42,4,83,1012,3274,73,162,222,15,156,313,260,459,398,150,87,97,1036,168,19,802,18,90,2088,152,29,271,308,30,51,55,68
281,211,466,186,60,5,425,132,8,137,455,131,237,1159,7954,56,0,62,799,2366,748,3,2,25,0,76,275,236,217,94,1578,113,10,265,19,427,383,33,71,10,32,19,4871,2,95,816,71,21,143,423,5,27,27,31,4,41,9592,75,118,39,33,2349,15,89,2,67,103,821,18,730,1240,237,51,166,95,9,15,18,2942,54,114,77,93,2319,14,87,8,0,106,161,368,1017,132,915,161,4,63,22,2,692,16137,493,20,8,1064,14,470,1793,134,125,379,234,119,136,6,621,139,8,25,133,239,0,1494,53,322,855,66,125,875,224,5,0,154,24,0,23,182,12,38,302,46,189,104,71,105,786,104,3,0,73,0,2204,37,62,79,27,12,281,261,52,1898,5,240,13,1245,133,21,49,124,4126,97,116,2,319,340,55,179,2312,24,7,810,292,138,790,30,88,256,590,18,71,746,13,22,79,135,60,8,71,515,59,886,40,11,148,275,11,19,181,15,82,3,1824,48,205,130,13,6,9,34,11434,1010,3,57,4,248,811,3705,94,235,325,29,430,371,300,505,498,266,80,150,940,227,29,848,46,172,3595,354,26,508,391,32,62,65,87
286,0,435,192,22,5,250,146,11,88,556,16,181,1176,8258,71,2,103,675,2439,1099,5,2,27,722,98,280,399,153,74,1054,66,24,245,41,397,251,15,43,20,16,23,3796,6,88,784,112,6,170,723,4,33,14,21,5,30,8928,40,0,47,36,2657,2,52,14,67,68,604,8,679,1320,290,68,163,117,11,15,9,3165,70,88,74,96,2108,11,107,5,0,119,113,291,1236,121,774,167,3,89,5,3,602,17663,443,23,10,946,13,536,1163,138,116,373,227,117,134,6,651,128,4,45,117,164,2,1224,53,263,832,71,139,890,141,4,1,222,15,0,37,143,6,46,433,27,180,79,53,123,695,93,4,121,58,0,2191,15,52,78,30,17,241,151,61,1896,2,202,19,465,108,25,34,110,3345,73,70,0,352,183,41,136,1915,16,14,388,247,128,954,26,127,207,521,15,93,568,22,25,72,81,52,3,105,704,67,424,23,37,190,371,19,10,88,5,99,6,2135,54,199,22,2,9,6,22,10153,0,9,37,6,163,744,3657,90,118,260,28,217,237,399,408,509,275,99,180,559,223,17,0,26,75,2845,342,36,711,412,14,46,63,54
433,295,665,115,44,5,234,119,53,44,419,20,153,1320,8976,69,1,66,526,1846,802,16,1,16,0,70,181,315,83,43,1097,73,8,276,16,322,218,31,33,14,24,22,3846,8,69,762,79,14,103,321,2,33,15,31,3,20,9330,46,0,36,26,3080,3,25,43,53,90,832,11,698,985,247,37,148,53,6,13,5,2818,65,64,64,110,2042,10,59,3,100,93,126,359,1020,129,475,227,4,53,15,10,420,15229,400,25,25,1010,20,433,1870,118,122,221,165,81,115,7,554,120,3,34,130,164,1,1053,15,142,835,53,79,700,100,0,0,89,18,2,14,72,2,12,348,75,124,41,48,76,374,84,3,110,60,1,1808,32,23,79,9,16,234,68,46,1639,2,167,13,1374,111,18,22,103,3094,45,91,2,358,336,33,115,1344,24,2,284,166,83,783,20,33,293,434,2,101,586,20,14,58,87,26,3,64,603,25,276,29,27,156,247,13,11,66,14,108,10,2237,27,142,26,3,2,4,100,13281,0,5,48,2,278,552,2444,45,87,233,30,157,128,472,243,266,214,101,138,553,235,22,1488,31,54,2355,173,46,331,364,36,88,26,64
179,62,310,47,23,6,143,122,2,51,228,18,62,822,3805,66,1,56,357,1234,1761,7,3,9,486,42,171,198,80,47,831,24,15,137,15,164,138,28,33,8,17,16,1710,15,49,428,54,5,118,257,4,32,8,10,0,18,4422,22,2,35,24,2603,2,31,25,48,71,734,4,653,767,166,47,177,31,8,24,2,1811,38,34,48,52,1359,19,77,3,33,73,88,1240,521,83,690,196,5,40,27,8,143,10562,252,13,15,652,8,289,2035,77,79,148,125,57,52,3,255,107,4,16,71,61,2,863,7,110,649,70,121,505,119,0,4,228,11,0,15,72,3,15,224,23,53,31,39,56,311,35,2,0,45,0,1024,20,22,50,12,4,88,121,18,899,0,132,6,532,72,13,15,63,1879,20,27,1,215,208,14,67,762,28,4,407,160,59,567,9,45,164,310,7,72,421,26,19,49,69,24,2,53,414,20,225,32,34,98,173,14,10,38,28,72,5,1415,13,114,36,1,8,4,239,8121,1868,2,22,16,118,332,1971,39,36,145,34,249,237,365,216,131,177,38,133,510,259,18,515,32,67,1759,201,37,209,269,28,43,18,58
98,51,272,68,29,6,103,93,4,45,176,16,73,810,4188,35,2,27,228,1006,1929,8,1,16,109,47,91,91,77,32,776,20,11,112,23,280,147,18,38,9,8,19,2280,3,30,428,31,2,88,252,2,22,13,14,0,22,9288,12,201,27,13,2366,2,38,2,23,43,405,6,818,740,96,72,143,31,6,17,1,2111,28,47,89,30,930,11,54,6,0,23,75,214,305,42,701,96,1,20,20,3,137,8212,189,11,11,474,12,173,957,51,57,133,80,42,79,2,335,113,4,27,57,27,1,448,15,92,613,112,101,497,149,0,0,199,10,1,17,45,6,9,266,18,54,25,35,34,172,30,2,45,39,1,749,10,23,29,13,20,85,63,25,720,6,117,6,498,23,26,13,70,1212,40,29,2,156,130,19,39,580,29,4,161,86,66,507,4,30,77,268,2,49,337,15,27,45,62,23,3,4,393,12,287,23,10,31,132,18,1,22,18,51,0,740,25,101,32,1,14,2,13,5930,445,1,15,3,76,250,1607,35,22,138,26,124,121,195,105,277,116,33,78,409,99,22,434,39,62,1482,105,42,189,151,4,56,16,23
82,31,234,39,95,9,133,55,4,54,160,14,46,583,2832,27,0,32,183,1021,854,28,6,1,0,62,83,67,71,42,659,24,10,81,18,124,95,21,107,5,12,27,1652,1,28,279,21,8,70,183,4,24,8,18,2,18,5474,26,48,34,13,2069,6,32,17,14,55,289,6,948,540,108,12,155,14,5,34,2,1531,35,32,98,29,626,10,77,5,0,38,33,228,334,39,536,70,4,15,11,7,141,7229,132,10,11,428,8,122,549,64,63,189,101,46,52,0,213,73,5,23,18,58,2,318,6,82,563,25,128,386,127,0,2,117,6,1,16,32,2,5,92,6,33,21,32,42,173,30,3,23,41,0,586,19,21,25,7,29,48,75,17,604,2,91,9,369,23,15,12,67,1015,10,24,4,142,105,6,39,457,44,4,73,49,59,475,7,43,125,282,2,43,311,24,18,28,62,5,1,53,245,8,139,16,45,45,107,23,3,18,11,83,0,669,20,83,26,1,7,4,57,5051,373,4,36,6,42,133,1116,29,31,77,13,94,101,190,99,92,110,56,61,293,63,4,285,72,57,1223,199,53,171,159,26,62,19,26
74,47,87,21,30,8,70,66,15,40,128,11,22,746,2850,17,3,10,141,677,472,19,3,3,101,52,59,44,24,40,524,14,15,95,20,92,47,23,31,5,4,24,1190,3,26,220,17,6,64,165,5,8,9,14,2,11,4136,35,2,17,8,1827,2,19,9,14,43,151,3,821,588,85,31,88,7,4,16,1,1100,17,17,48,43,567,18,19,0,0,21,36,186,157,32,287,81,8,19,10,0,47,5799,70,14,34,260,8,105,491,51,70,135,67,24,24,3,172,103,1,44,31,17,2,239,4,55,623,18,63,331,56,0,1,83,6,1,0,28,34,15,94,13,42,14,47,11,116,38,2,0,25,0,404,13,25,9,2,12,43,48,4,387,0,70,3,338,37,7,14,56,708,75,30,1,78,87,2,31,366,34,1,69,54,19,495,5,67,30,229,1,17,280,15,16,31,76,10,3,23,232,31,71,12,0,31,42,52,3,18,15,24,1,656,31,44,21,0,6,2,41,4412,453,0,23,1,51,75,1367,24,7,50,6,48,26,118,37,82,105,35,57,206,69,2,245,41,138,1074,159,44,165,83,24,62,6,16
21,0,41,5,12,6,47,42,5,41,96,9,15,219,2310,6,0,13,67,91,113,12,2,2,0,19,47,39,20,34,419,14,12,23,18,36,26,27,20,4,2,50,1015,3,16,211,47,0,37,85,1,5,1,2,1,13,3094,21,1,18,7,1410,3,13,11,1,41,168,1,948,461,48,12,53,11,23,21,0,1178,15,20,36,11,376,13,15,2,0,6,38,104,27,27,329,55,1,10,16,1,55,3034,41,10,19,253,8,22,437,38,47,117,55,10,22,2,110,70,1,41,5,35,1,154,3,39,473,94,45,264,43,0,0,72,2,0,1,24,6,20,78,24,18,10,26,10,65,19,9,0,27,0,467,8,22,8,5,9,27,80,12,341,1,66,0,239,12,1,22,47,545,39,8,8,93,43,5,25,247,31,12,68,53,12,350,14,70,15,210,3,4,284,7,7,23,47,7,3,6,210,12,50,7,3,31,53,4,1,12,19,11,1,88,24,36,20,2,5,3,7,3132,229,1,24,6,29,55,801,29,14,32,1,43,37,39,30,50,63,16,36,202,50,6,151,31,48,780,77,37,164,24,8,62,7,11
204,129,83,6,22,0,45,46,1,19,81,13,19,347,2064,2,0,4,68,588,171,7,9,5,104,9,42,25,5,41,363,5,5,25,20,39,32,27,12,6,3,52,960,7,17,202,36,1,39,13,1,10,0,13,3,19,2615,22,0,21,8,1175,1,6,8,4,15,161,0,1328,382,39,5,32,9,0,10,0,577,21,21,26,23,368,3,18,1,0,14,33,124,143,25,163,48,8,6,4,3,38,3366,54,16,6,281,2,95,460,19,45,50,51,17,31,0,81,72,0,12,8,24,0,95,1,34,328,24,16,173,25,1,2,26,2,3,2,13,3,11,61,19,17,28,22,5,122,6,4,0,19,0,422,6,9,12,3,5,18,50,5,205,1,55,0,238,31,2,21,24,488,27,7,0,41,47,4,20,206,23,6,31,49,26,246,3,14,30,239,0,11,243,4,14,11,23,1,1,12,110,6,45,5,3,29,25,4,1,7,24,7,0,408,10,33,18,0,6,1,6,3235,172,0,22,6,15,80,811,25,9,39,3,27,23,158,19,104,38,7,28,118,17,2,106,32,40,654,50,36,137,88,42,57,2,7
158,2,31,6,25,7,10,50,3,19,28,7,20,386,1132,5,1,7,58,219,61,2,6,1,26,16,35,11,0,24,302,7,8,9,16,32,17,11,16,9,2,23,686,7,26,0,82,5,40,21,7,14,1,9,3,7,2019,11,2,21,7,717,2,0,7,6,18,159,2,1576,255,57,2,38,8,2,6,1,425,3,3,3,14,228,3,0,0,0,0,34,102,62,18,30,89,4,3,11,2,29,2680,24,6,9,157,1,50,367,7,47,78,23,2,32,4,37,62,4,21,0,18,2,73,1,25,394,24,2,131,19,0,0,2,3,1,0,12,9,3,45,12,12,2,11,6,80,9,4,0,21,0,335,3,9,5,1,1,26,0,12,211,0,3,1,128,14,6,15,28,395,31,1,4,22,29,1,9,328,20,13,32,52,5,226,7,8,6,262,5,9,316,0,0,6,56,0,0,7,83,8,23,2,0,17,71,1,14,8,12,11,0,184,6,53,30,0,4,0,0,2283,153,0,17,3,14,54,604,14,9,26,14,1,26,34,29,60,44,63,18,112,28,7,117,35,12,543,0,61,79,45,11,41,0,0
30,19,57,5,5,3,30,36,3,22,33,5,22,227,1492,4,0,5,73,339,132,5,0,0,35,9,29,28,0,14,273,13,17,13,7,30,12,4,7,17,1,3,684,10,21,269,30,7,9,25,0,5,4,14,11,23,2662,13,2,28,4,695,5,0,14,21,9,201,4,2089,115,28,3,23,10,4,11,1,454,5,7,15,14,300,9,9,0,11,3,97,41,31,34,61,43,6,5,10,1,34,2641,22,49,5,259,6,52,276,13,57,58,35,13,25,10,47,82,0,5,0,24,1,45,5,15,170,14,24,82,50,0,0,46,4,0,0,4,4,10,46,7,7,13,4,8,105,6,21,0,11,0,423,2,2,3,5,7,16,15,19,228,0,12,1,228,9,3,28,17,447,31,5,3,41,44,2,13,245,13,4,35,32,5,117,9,28,16,373,11,4,344,6,2,15,71,2,2,4,61,12,8,1,1,16,37,8,1,151,15,12,1,165,6,38,11,13,0,2,8,1985,147,0,38,3,15,87,574,12,11,17,5,6,20,57,11,70,38,22,26,87,39,4,102,32,26,571,13,24,62,24,13,5,2,6
46,4,16,5,8,1,78,18,6,42,60,4,9,206,1840,15,0,9,13,309,110,1,5,2,38,10,43,63,0,7,238,2,23,4,9,0,42,4,3,8,2,4,690,7,5,198,3,1,8,27,4,9,1,6,1,32,2128,11,75,34,3,961,1,17,10,1,11,184,3,2426,35,19,0,4,14,8,12,0,541,1,11,52,2,271,8,61,1,0,19,132,61,43,58,265,45,7,6,4,0,22,2642,1,13,4,153,6,44,327,22,31,38,6,0,14,0,18,91,2,13,0,16,0,71,1,22,73,1,63,40,85,0,0,198,0,1,5,17,2,95,33,9,24,21,8,14,74,8,21,0,18,0,535,13,22,0,4,0,17,85,0,192,0,58,1,315,18,0,10,5,0,63,1,2,2,41,1,16,220,8,3,40,21,0,70,16,11,3,400,0,3,594,0,18,1,27,4,4,7,28,4,4,1,2,1,65,2,1,254,4,0,5,139,2,38,6,0,0,4,5,1998,143,0,44,3,9,65,769,0,9,1,3,28,23,44,12,57,20,18,25,81,15,7,68,1,34,544,81,8,41,27,5,3,6,21
11,0,11,5,6,2,32,9,3,17,33,7,4,0,946,2,0,1,38,131,97,1,3,1,0,10,16,26,0,5,156,5,3,7,6,0,2,4,9,1,0,2,852,2,4,95,27,0,2,17,0,1,2,4,0,1,1390,8,0,13,6,463,1,8,4,1,5,82,1,3590,38,4,1,12,4,2,8,0,69,9,3,24,7,196,2,25,0,0,8,43,0,18,9,105,19,7,3,0,0,25,1896,14,2,1,188,0,11,123,10,8,13,20,4,1,0,45,15,0,7,0,0,0,36,2,8,62,0,23,27,12,0,0,91,0,0,2,3,3,29,0,1,6,8,5,4,21,3,1,0,16,0,416,5,7,1,3,0,7,40,1,117,0,25,1,0,6,3,6,7,576,7,5,1,21,20,0,9,138,0,0,47,6,5,43,3,20,5,376,0,1,375,1,8,7,4,0,0,1,17,2,7,0,1,7,10,0,0,23,1,5,1,53,1,25,0,0,1,4,1,1506,138,0,40,1,18,56,467,4,0,7,1,12,61,16,4,18,13,7,13,65,6,10,0,5,9,377,37,9,20,28,31,6,1,7
24,15,39,22,16,13,54,24,12,45,106,5,40,88,2039,17,1,14,74,307,129,1,11,5,24,12,77,48,3,32,347,24,24,24,32,10,5,165,19,15,10,14,1423,13,14,254,23,27,34,60,13,58,6,36,3,39,4794,12,4,51,12,678,6,11,27,16,35,445,1,2573,145,44,7,25,15,11,23,3,623,8,6,100,3,288,8,42,1,0,20,174,151,51,22,238,40,10,7,12,0,51,1723,48,14,8,215,7,71,892,37,71,56,43,10,45,6,79,113,3,16,7,45,2,195,5,25,217,37,85,120,29,0,4,319,3,3,1,31,10,42,43,27,32,10,8,18,117,19,15,0,32,3,939,14,13,4,13,0,24,54,9,196,1,60,11,624,15,22,16,15,314,49,19,2,35,106,9,13,240,38,9,45,31,11,155,27,10,18,597,0,6,663,15,3,14,39,3,5,16,112,19,44,5,2,33,25,9,3,53,36,13,5,231,9,57,99,2,5,12,11,1403,242,2,16,0,41,108,649,16,11,34,12,29,17,75,11,63,34,13,34,168,25,20,216,19,70,673,43,23,79,61,7,14,12,10
